e_true,e_measured
10,10.268568318321483
10,10.044689932949789
10,10.344793890287802
10,10.18198697319631
10,9.975585852574156
10,10.000500171050232
10,10.208026419987974
10,10.50227520431608
10,9.959271048854932
10,10.04170124419957
10,10.215947035191073
10,10.186436903285347
10,10.432309640351711
10,10.028110963035306
10,10.293280881980845
10,10.36323599788877
10,10.395893041914897
10,10.071630182591694
10,9.935800004105326
10,10.370797629385173
10,10.11695267155018
10,10.17917675679368
10,10.130539583691768
10,10.299298062796051
10,10.039403846594867
10,10.279665557039495
10,9.861880741953177
10,10.016994548151446
10,10.167010582910804
10,9.917009392183454
10,10.301588676464256
10,10.29628674377406
10,10.050947234549229
10,10.29866710738216
10,10.200017613506148
10,10.406914067755304
10,10.220263567822412
10,9.99981157124115
10,10.468665489139209
10,10.390947120633294
10,10.170734776182863
10,10.21153158590798
10,10.167114486931052
10,10.21554181425174
10,10.202613182907012
10,10.205561331863436
10,10.217946228121281
10,10.023364724404527
10,10.335133132090018
10,10.156812038179865
10,10.352982074166732
10,9.921602563289559
10,10.11130380228423
10,10.20049749683917
10,10.212068735628204
10,10.202360324561857
10,10.24561653961854
10,10.13303421443562
10,10.202249404978948
10,10.326478894280083
10,10.474368685992157
10,10.22542787600025
10,10.128735003440873
10,10.437899145038761
10,10.109499774301842
10,10.138641942574077
10,10.087451018906991
10,10.299377094063983
10,10.28157698078306
10,10.331461559968387
10,9.868923294484244
10,10.142516951240376
10,10.354455573018152
10,10.244935170289214
10,10.09605547689919
10,10.373481582504807
10,10.334519610789167
10,10.161655943181865
10,10.20437672110333
10,10.120470840404597
10,9.96761490095736
10,10.067241927052782
10,10.116723176678343
10,10.012973021177745
10,9.875788192665487
10,10.286105957473058
10,10.271972259921137
10,10.15091542612638
10,9.959029331453015
10,10.05805922127057
10,10.46416145520903
10,9.977204115740536
10,10.0030375819467
10,10.255415936919297
10,10.078286764190786
10,10.265534603317732
10,10.247817221223917
10,10.084414624973324
10,10.1195147783772
10,10.269161640546278
10,10.391178375737951
10,10.145864719542201
10,9.852415647912112
10,10.003544415232039
10,10.368596379776683
10,10.095260019681094
10,10.116939809793037
10,10.543456378571044
10,9.985449839388624
10,10.082846015942945
10,10.140948511690961
10,9.951906596959809
10,10.394132471248865
10,10.343879540679175
10,10.120819438566281
10,10.274869755443637
10,10.552984438665218
10,9.995680904508763
10,10.23636204101073
10,10.551239440921652
10,10.168855749216153
10,10.19336611693753
10,10.349048520707653
10,10.144840678472221
10,9.900657549241721
10,10.494224326261579
10,10.30311654605235
10,10.245310737227518
10,10.076354537316416
10,10.07530569799764
10,10.154296666665505
10,10.113822733282364
10,10.092252402080742
10,9.935761441307353
10,9.882883570913826
10,10.03346642897631
10,10.310620127135413
10,9.987214456280189
10,10.070973243823804
10,10.081984874396095
10,10.153631617639013
10,10.261675476226165
10,9.977710017996678
10,10.10880021146319
10,9.898293682214236
10,10.293571815066347
10,10.07788809155929
10,10.106542817260417
10,10.19733525268768
10,10.253290413300109
10,10.035493538656056
10,10.619594976673973
10,10.35715485593906
10,10.218775294507443
10,9.897689368256154
10,10.185601132593963
10,9.996447583660471
10,10.256407525905498
10,10.180611402326019
10,10.307153230368845
10,10.184663137904877
10,10.101512589088317
10,10.283595733369069
10,10.376237331945907
10,10.203638790505059
10,10.214773529732247
10,10.260955762842606
10,10.023697704596001
10,10.195330746359309
10,9.969441347246502
10,9.972477435370433
10,10.163647411029162
10,10.216303804207588
10,10.188492328324768
10,10.335833355258547
10,10.078220341509889
10,9.970993639832411
10,10.594325451201284
10,10.200898801325845
10,10.166008422845113
10,10.302573745885674
10,10.037915535603366
10,10.11843960554907
10,10.386326151404617
10,10.287261649569245
10,10.146942968951226
10,9.951132324155271
10,10.103174895007971
10,10.350821417698105
10,10.440419299599677
10,10.34624875845826
10,10.090258205894093
10,10.119143743460437
10,10.070928729038055
10,10.206823956102344
10,10.246926476038484
10,10.163856199304135
10,9.867441515239936
10,10.296279872436994
10,10.232373358846447
10,10.01596126213889
10,10.17013458521133
10,10.234272401258083
10,10.06537517659791
10,10.213506402407168
10,10.19007958250094
10,10.148178860538172
10,10.065734322388833
10,10.148647427544708
10,10.161537312280368
10,10.099322387957544
10,10.201270059601114
10,9.988598377819871
10,10.162914571611548
10,10.040195009134317
10,10.20809287024609
10,10.218382646661624
10,10.144531424187628
10,10.157483913269326
10,9.980472615506494
10,10.172104376608617
10,10.177725898861043
10,10.063688348571993
10,10.402310270473851
10,10.154076664732358
10,10.279658220802872
10,10.429361515839892
10,10.053835918138455
10,10.290957149548385
10,10.292562711131232
10,10.249820666000115
10,10.375997634181074
10,10.172972375439272
10,10.355338350910142
10,10.218130766915598
10,10.165589778562447
10,10.268670421520698
10,10.388259456936552
10,10.29315076645334
10,10.148983443482415
10,10.211630067261977
10,9.798485913312048
10,10.49710635722054
10,10.133734457893363
10,9.988636707886876
10,10.558598475279407
10,10.35370583772004
10,9.869532724057718
10,10.07094310428727
10,10.246258715925066
10,10.295127009645178
10,10.371452124942032
10,10.258137857606052
10,10.244906501376303
10,10.24939522563514
10,10.111877335906666
10,9.984615410687281
10,10.186608270455764
10,10.35918638489169
10,10.29554269480141
10,10.170393860003955
10,10.323831995768987
10,10.341222940599293
10,10.04912012976963
10,10.23199255435794
10,10.065480436588263
10,10.174077152015954
10,10.009928354171205
10,10.083340065888066
10,10.427838294762687
10,10.333423611794414
10,10.647529392291577
10,10.107509551721549
10,10.084332080471958
10,10.1404231697889
10,10.276992408830825
10,10.159077604085391
10,10.434476793196
10,10.361216974994464
10,10.243274976990866
10,10.130930581495683
10,10.181514225060525
10,9.920155307443936
10,10.115792093806325
10,10.185750384514263
10,10.307249568468357
10,9.85696676839317
10,10.201454215972309
10,10.251740715262999
10,10.02206144671411
10,10.304239441698805
10,10.304913899093892
10,10.363293587226828
10,10.208696349503551
10,10.256964242377896
10,10.118255301876403
10,10.171701081657503
10,10.103372651892098
10,10.043935648735687
10,10.292237688455161
10,10.168600166078983
10,10.294700291059886
10,10.236601446163354
10,10.148646877246055
10,10.249120531325838
10,10.247536109561866
10,10.067139656023823
10,10.228504408278692
10,10.107036720381892
10,10.253889597194576
10,10.290879014969972
10,9.871230769402986
10,10.088116723844134
10,10.097346228748977
10,10.04576470594459
10,10.064478269875341
10,10.137260896866955
10,10.148165394815331
10,9.956702228048048
10,10.016154258147587
15,15.376875506318969
15,15.091806051941573
15,15.1118354365198
15,14.960365409313422
15,14.534467825899812
15,15.247589523315822
15,15.071133237436001
15,15.07688535773657
15,15.068362620491575
15,15.04545404527787
15,15.206590407923988
15,15.266029483138244
15,15.03959188553597
15,15.233691470035758
15,14.836418688460972
15,14.73409165513812
15,15.002821033463336
15,15.140862822335036
15,15.016675735031933
15,14.90622884881621
15,14.766099824845883
15,15.144201535053307
15,15.04409346760845
15,14.999552022294143
15,15.157316248728058
15,15.094706078310459
15,14.89681186948912
15,15.342042377259814
15,15.051395061299376
15,14.867819266958731
15,15.093664516632122
15,15.13394602200758
15,15.431905404778623
15,14.730515330092924
15,14.972433091126566
15,14.934789370045333
15,15.303168480801343
15,15.004301082890215
15,15.169834903771296
15,14.954977344924922
15,15.519381459964134
15,15.494604413310302
15,14.865378175547797
15,14.885847387747463
15,15.49789960849299
15,15.288952061729752
15,15.241464719415665
15,15.206497009387986
15,15.125564828739696
15,15.114337583363039
15,15.477872637813828
15,14.875370304588722
15,14.9962941455618
15,15.052051895376843
15,15.279958862612776
15,14.98255781724204
15,15.270536174408766
15,15.274535565638523
15,15.22093026804022
15,14.854347131451346
15,14.951972957457219
15,15.394830025102022
15,14.956975434508362
15,15.132329162278364
15,15.043143036771434
15,15.153879908404079
15,14.938020880384949
15,15.07959349680337
15,14.941930566891386
15,14.999254689910432
15,15.209481818386953
15,15.221877352045764
15,15.057688876633199
15,15.053999591021963
15,15.096685280702639
15,15.0617415176261
15,14.733123603398642
15,15.016832445033991
15,15.310599955732457
15,14.966189515717367
15,15.217188730308727
15,14.942808369106825
15,15.164608773025122
15,15.206526436860502
15,15.501494007222854
15,15.213751827535775
15,15.216140626010587
15,15.125185151148623
15,15.282570493962066
15,15.33851108693091
15,14.897426177348098
15,15.059836048140582
15,14.732418746679842
15,14.592115187636917
15,15.05806251484648
15,14.973234069158334
15,15.083300643624092
15,15.133131777150522
15,14.989689789004021
15,15.29674621697541
15,15.384529138195376
15,15.212384131527495
15,15.040693960267975
15,15.002219891665119
15,15.220801442651243
15,15.180265554452719
15,15.142410887850387
15,14.934357780359067
15,15.032702728702747
15,15.312140105328673
15,15.169208726795826
15,15.258071422918524
15,15.020326001885968
15,14.975684144929271
15,15.198964114768819
15,15.15220999387656
15,14.914093505684098
15,14.970149663326355
15,15.037901722524197
15,15.149222880349145
15,15.198896304143954
15,15.144419424575595
15,15.274044377847908
15,15.407746278690844
15,14.914963965486052
15,15.291524067472183
15,15.325503088838836
15,15.253303101494557
15,15.231971136073364
15,14.783113654734839
15,14.965055853928888
15,15.331707209734926
15,14.802546705582298
15,15.095751274466076
15,15.25626222154137
15,15.119752142139996
15,15.23349584304876
15,15.350708491014647
15,14.909741799934288
15,15.163566989326192
15,15.283412968344528
15,15.429786380681985
15,15.106625278853281
15,15.000521143561993
15,14.983820709365906
15,15.264810212192979
15,15.21845355414221
15,15.144051931529637
15,15.25030147604923
15,14.720088828655086
15,15.24893778092285
15,15.04128507987032
15,15.199214521237844
15,14.886821866120929
15,15.065234777816954
15,15.004145207880619
15,15.323054133008569
15,15.207886781334778
15,14.914052657299475
15,15.096153948402332
15,15.441462864219943
15,14.906280071806057
15,15.18860383070195
15,15.385610896421984
15,15.131229957508914
15,15.194612299795374
15,15.191376527922467
15,15.12075241424966
15,15.07070399294662
15,15.24300143609294
15,14.949505552001412
15,14.960633013533746
15,15.125373885470998
15,15.13125555711229
15,15.057994802968773
15,14.952594064091633
15,14.995680569769831
15,15.186565147312168
15,14.990974642756498
15,15.2884365981184
15,15.187908966110045
15,15.17492923323286
15,15.314111823248377
15,15.535040742526967
15,15.507107339036489
15,15.084450357910477
15,15.413377076855298
15,15.313794593704182
15,15.336013511215603
15,15.248801676222666
15,14.990475773624278
15,14.971559507730584
15,15.118874073173082
15,15.327353089911854
15,15.449242521645004
15,14.83091725466988
15,15.415647527096402
15,14.934969558480706
15,15.259740834985193
15,14.710664400206857
15,15.37155096847143
15,15.279743647181117
15,15.208365278952085
15,15.180159612347868
15,15.084735422725089
15,15.224683282224035
15,15.149557905900366
15,15.162611689580938
15,15.283678835437083
15,15.24029544148899
15,15.132305073188228
15,14.87451472742977
15,15.170082236861678
15,15.08708397030809
15,14.983786180897225
15,15.320922537775434
15,15.14591366549227
15,14.860106514586796
15,15.135486618219868
15,15.288576012293952
15,15.044896289323464
15,15.085320781054616
15,14.989133025644565
15,14.992806170930251
15,15.516537250429712
15,14.9394068935895
15,15.207105742720584
15,15.170739559683462
15,14.952694915304683
15,15.182362521748617
15,14.992511659571536
15,14.770708225179401
15,15.110769877640635
15,14.856654124970348
15,14.985438412355485
15,15.222823291871894
15,14.988281336136607
15,15.199605529050451
15,15.05902495053836
15,15.15682567720833
15,15.338019873052872
15,15.396934633901603
15,15.503015930134453
15,14.992682490584391
15,15.078549602929206
15,15.312786815041907
15,15.432320825088459
15,14.884993002803142
15,15.049497100057858
15,15.048371118948376
15,15.262066658787557
15,15.295182341681791
15,15.227607630213521
15,15.304480076377194
15,15.133751758726905
15,15.194829882861782
15,15.278970110204064
15,15.237373216471033
15,14.83460817201622
15,14.875864746905988
15,15.168347559939013
15,15.008818819356758
15,15.329398200270514
15,15.284746293231295
15,15.06181608807557
15,14.788655342150427
15,15.258022284416803
15,15.04556666514685
15,15.087781081627774
15,15.176562953711393
15,14.875410491313362
15,15.02850586392356
15,15.322233229094692
15,15.253536680133717
15,15.189233815411267
15,15.134277908493278
15,15.051472253866596
15,14.862850566338981
15,15.39241666522844
15,15.280514035081053
15,15.300692186140664
15,15.339330565650545
15,15.077965610890365
15,15.17992003038913
15,15.164699950488945
15,15.225345546722021
15,15.228533175708849
15,15.233908489326684
15,15.138715306135252
15,15.048876334622504
15,14.984236733067446
15,14.973164898197266
15,15.059681962975768
15,14.936296449643883
15,14.858450327778739
15,15.22592731760108
15,15.321059430892253
15,15.207113650864397
15,15.031638520292175
15,15.16754397698398
15,15.24793867171009
15,15.238859144327892
15,15.23799912500934
15,14.941588878679497
15,15.29528151042101
15,15.03281541349875
15,15.0568626634319
15,14.874441754620841
15,14.827933646752411
15,15.11426697542087
15,14.785774145709004
15,14.899767241431448
15,15.208240812970686
15,15.094098037707807
15,15.10494728025472
15,15.00845264280756
15,15.122378789036349
15,15.266475258437273
15,15.122469599760315
15,15.112939080654561
20,19.84591166891363
20,19.911663576456924
20,20.32365775907206
20,19.802819586445825
20,20.0209073000945
20,20.169520675100838
20,20.01133571501446
20,20.249997838153796
20,19.813816657023644
20,20.223607858729597
20,20.053028135283093
20,20.15712673716425
20,19.954474143668556
20,20.02361502399677
20,19.913041016542657
20,19.63550537857612
20,19.800433069974638
20,20.09394207030924
20,20.193435211763042
20,20.014741051117863
20,20.30052561520038
20,20.3283921791544
20,20.13836229384142
20,19.950434264191557
20,20.03753910830989
20,20.317130056248732
20,20.39677514063115
20,20.11505143048685
20,20.18472936332806
20,20.42679937458716
20,20.189675097644155
20,20.296944933824705
20,20.055704056051813
20,19.9464398967387
20,20.185835893417053
20,20.029484214971898
20,20.120019172355995
20,20.323767529672235
20,20.251724221346024
20,19.744536198959896
20,20.39605106649784
20,20.322474746531086
20,20.156797392747272
20,20.115468986146006
20,20.124279159849415
20,20.207173106948478
20,19.936784752511418
20,20.385740208707738
20,20.12708453770794
20,19.734668760796104
20,20.33918475256837
20,20.17151476573241
20,20.558432511784922
20,20.43688792860867
20,20.233729409374927
20,19.982174767890374
20,20.098934976469582
20,20.085485793370324
20,20.104563962584894
20,20.249710641536986
20,20.371494953912517
20,20.005138565704442
20,20.273706293188194
20,20.10386402608355
20,19.9140535639988
20,19.89936141776185
20,19.778024152088516
20,19.64656691841295
20,20.38172984778502
20,20.07475222579967
20,20.20610564124895
20,20.02810510455648
20,20.01478660115054
20,20.26495934461831
20,19.97329237355726
20,20.079003769993164
20,20.41941725043078
20,20.65341936819211
20,19.89076120295407
20,19.639136004597287
20,20.222723851146593
20,19.92743126427677
20,20.130865364797717
20,20.16363454364697
20,19.887241623090304
20,20.10301876977854
20,19.739913700164013
20,20.307057975519733
20,19.95871929848961
20,20.18278341017332
20,20.002228197261545
20,20.401454701395892
20,20.126286709378615
20,19.77618539816691
20,20.411945545732863
20,20.075558056882308
20,20.170951924190827
20,20.06058089392399
20,19.99757747078535
20,19.84094164642107
20,19.983144001704595
20,20.318626599454124
20,20.32153614993411
20,19.854723513528757
20,19.99042763289087
20,20.371117203220045
20,20.24504987103486
20,19.934470833384403
20,20.14421892162236
20,20.321351485175853
20,20.231854074245913
20,20.083973798210604
20,20.084701860055215
20,19.853152547238516
20,20.207928729740434
20,20.035189878200907
20,20.538107635142712
20,19.999914912761454
20,19.996509319979193
20,19.820378743266936
20,20.346887149699935
20,20.288492931743885
20,19.872827433992928
20,20.128828358622947
20,20.225740558797465
20,20.200928335047678
20,19.741507455401166
20,20.23118249409497
20,20.332651357267935
20,20.01860666183034
20,20.20833966535358
20,19.61330541680997
20,20.15499092804648
20,19.87028446634554
20,19.662190974914296
20,20.66505418929647
20,19.997512847800476
20,20.157523968925886
20,20.00496123720085
20,19.98464212780401
20,20.14920955194476
20,20.189550739347062
20,20.45782514534054
20,20.105125304844883
20,20.0953750589535
20,20.30170645863756
20,19.960672355891766
20,20.167635663300736
20,20.024340213047292
20,19.955857507510157
20,20.30891126179699
20,20.406266069188238
20,20.1300790482333
20,20.064309739084962
20,20.39715337347139
20,19.487399303927948
20,20.04569416158094
20,20.444059331830896
20,20.011692483220166
20,20.044760271666966
20,20.066996051077542
20,20.418262561810103
20,20.045243961321038
20,20.417206036283503
20,19.93842466785663
20,19.969437471392002
20,19.71532566794707
20,20.14339075522236
20,20.080539215949077
20,20.264957612047503
20,19.703369754960924
20,20.39825584079932
20,20.151938215407966
20,20.044623830616516
20,19.934758876433836
20,20.20247698658642
20,20.37164308106423
20,19.804092620718052
20,20.220739927119237
20,20.183733657342806
20,20.161682769300334
20,20.178474888178318
20,20.00693582488441
20,20.259980512533243
20,20.35273534695889
20,20.112042160372887
20,20.28915582017401
20,20.143458008108
20,19.951589846510796
20,19.942350678653142
20,20.201385869325705
20,19.93587755688166
20,20.654816866787083
20,20.309141878513813
20,19.8270976883639
20,20.158438773192678
20,20.120126202182334
20,19.719257674033337
20,20.225832110394794
20,19.979321960719634
20,20.420556274987632
20,19.68013409232108
20,20.12211335004575
20,20.507171263712912
20,19.448044317406463
20,20.242204189455766
20,19.816674965233737
20,19.950321457085256
20,19.849537537097437
20,20.01467150880279
20,19.833861983573595
20,19.9143515290908
20,19.935737503934753
20,20.19038778588835
20,19.841139749809702
20,20.045523208543734
20,19.813607839025515
20,19.917690455642212
20,20.237252060770533
20,20.244473689098754
20,20.28426513402217
20,19.995479937645552
20,19.928199097609955
20,20.11841642701198
20,20.14786069773623
20,19.890482788670067
20,20.316578386510503
20,20.04237154878356
20,19.86010160455272
20,20.17703448923743
20,20.061756462756005
20,19.87349711296759
20,20.067961741592466
20,20.336366512989382
20,20.304869616284808
20,20.530717447492993
20,19.959975269001454
20,20.304558840638595
20,19.862022281641707
20,20.30190683002461
20,19.936941599633442
20,20.13385468023217
20,19.979608214906683
20,20.217055239846072
20,19.978029430727027
20,20.214702090824147
20,19.661294605974685
20,20.07332010833911
20,19.934266179432257
20,20.21962444604643
20,19.92809851604694
20,19.749984433156612
20,20.243906983590634
20,20.35775500753562
20,20.298896244353376
20,20.12541668022165
20,20.051505803298664
20,19.958156779340143
20,20.040045382826875
20,20.127353551654654
20,20.040614842308866
20,19.691019440457985
20,19.862703175779767
20,20.12909510222251
20,20.009621569983242
20,20.341890504220483
20,19.983910757066106
20,19.908404214924847
20,19.93329027910107
20,19.93111093551121
20,19.927437303182668
20,20.128049262398957
20,20.23945105580183
20,20.07350920677783
20,19.667293244180033
20,20.188226950167905
20,20.474673918150728
20,20.145396364535923
20,20.096803777927747
20,20.003574493123953
20,20.10202799904049
20,20.24979604910307
20,20.100785792810637
20,19.884062624292522
20,20.21101382837842
20,20.058525379922784
20,20.274442358201007
20,20.063820986574232
20,19.978907681381205
20,20.237200621738808
20,19.985713554343054
20,20.067442798770326
20,20.255437102702196
20,20.137065304854172
20,20.174285255958996
20,20.281000182042877
20,20.29393969012141
20,20.117474543538595
20,19.978433516754755
20,20.19549881033497
20,20.124114371992665
20,20.153736477617823
20,20.2128278614197
20,20.302086373187038
20,20.293123224551344
20,20.119719861497416
20,19.929306122854353
20,19.926092900354593
20,20.13294433452154
20,20.19202605557516
20,20.001208515115213
20,19.803317194348747
20,20.11195023553717
20,19.91701899078752
20,20.21850989697619
20,19.958828052520403
20,20.201444756238843
20,19.978777124182493
20,19.57990511610734
20,20.066751984404046
25,25.014350677526227
25,25.170229221299238
25,25.18900179444576
25,25.244808854204074
25,25.265866193177686
25,25.04838946896277
25,25.009274956335812
25,25.221854829085828
25,24.65038466766147
25,25.39613179491784
25,25.63510321776729
25,25.370370092273284
25,25.517301119287335
25,25.206714744756074
25,25.270523484848376
25,25.17585485047452
25,24.940779626205643
25,25.35890487080058
25,25.155897076586182
25,24.794863247796652
25,25.434211443367907
25,24.744915047959875
25,24.93767795531519
25,25.02080131144106
25,25.024935919310067
25,24.924604065296634
25,24.968670366265805
25,24.882593310979637
25,24.895792777697125
25,25.121273813899876
25,24.85464377501216
25,25.241863122022956
25,24.953871679176974
25,25.19296885311916
25,25.02444847070823
25,25.394718755035775
25,24.874421361217244
25,25.885233854311785
25,25.113097196208386
25,25.022515406101814
25,25.624583903674054
25,24.83172882653735
25,25.491243243062364
25,25.313822434521757
25,24.791614354410772
25,25.10813939398352
25,25.266663681422433
25,25.165906599846373
25,24.58414982711929
25,24.79552093731124
25,25.11567332452148
25,24.82281697651307
25,24.712451896192395
25,24.700957805481803
25,25.325163760365417
25,24.78998906085259
25,25.22996892809295
25,25.063329696383136
25,25.369634108659778
25,25.168487167850298
25,24.931993542141242
25,25.071038080489963
25,24.7038766380675
25,25.21719109598702
25,24.799554598402924
25,25.01995212550431
25,25.17483393311338
25,25.000913978509143
25,25.088734649304293
25,25.336405433927048
25,24.964942957718627
25,25.289009893024044
25,25.636539405963067
25,25.099084754948176
25,25.325403742772668
25,25.22772216241039
25,25.22397197640218
25,25.352143363670237
25,24.924042804816445
25,25.339726209408617
25,24.98844554386135
25,24.809176605307712
25,25.165034831110045
25,24.60131878553385
25,24.744661594551484
25,25.15315319693086
25,25.237629815123892
25,25.069267697167074
25,25.006183214316216
25,25.494670351795385
25,25.490401828244657
25,24.86435861529077
25,25.114792586087038
25,25.023925885907985
25,25.271099381959885
25,25.00345864579736
25,25.05705723017235
25,25.21822039807214
25,25.024835052526935
25,24.827032432217905
25,24.83333732389184
25,25.166005786364227
25,24.800516274911782
25,25.12543403709775
25,25.093499945089174
25,24.938205847463863
25,25.04060824493948
25,24.997468338166115
25,25.11014051940266
25,25.066034396128444
25,25.395343124352873
25,25.078308103339015
25,25.007781780395472
25,25.561742394238266
25,25.22551751223198
25,25.36649353121335
25,25.394627045602135
25,25.209447702991334
25,24.760571109725717
25,25.090178511113674
25,25.002923904063124
25,25.445305134846972
25,25.274640097760678
25,25.093299256631944
25,24.99685238934516
25,25.30079444580265
25,25.24692092503148
25,25.003302495812562
25,25.291041850374143
25,24.807290006258526
25,24.86725401441056
25,25.30147138226735
25,25.215961005231712
25,25.048797972657177
25,25.376377762592725
25,25.325864022105705
25,25.264091023170536
25,25.25550017439402
25,25.03237116849277
25,25.092590878938143
25,24.91185837399459
25,25.306076803323887
25,24.748943175351048
25,25.206416879706804
25,25.38466446291135
25,25.159498395703373
25,25.368654189390114
25,24.533981248904908
25,25.307577681818177
25,24.759839060260056
25,24.831628217927438
25,25.2947419451259
25,25.06958902545796
25,25.21434814191093
25,25.041624462383982
25,25.503993499838792
25,25.056460052357746
25,24.75609898717112
25,24.991365781139233
25,24.9952143414313
25,24.808848931134136
25,25.042048356863265
25,25.176369215949666
25,24.91363805204988
25,25.10995442740499
25,25.033777023897198
25,25.306331333312208
25,24.58638081103846
25,25.07827024896537
25,25.165635991429507
25,25.06202352018864
25,25.153567178862204
25,24.67155003356797
25,24.993923280541456
25,25.257677640382397
25,25.035435719980512
25,25.15705385028118
25,24.887841507371274
25,24.716170763745172
25,25.338376129247727
25,25.298619325130904
25,24.758343091939263
25,24.68736922563623
25,25.018318414774402
25,25.217039152069418
25,24.892641625060172
25,24.90610086074623
25,25.038081506079468
25,24.932842037503484
25,25.04358630536265
25,24.771646575668825
25,24.92266068155814
25,25.082213731762153
25,25.269444020661318
25,25.020556640159374
25,24.847916765317027
25,24.875796962730128
25,25.354283712397006
25,25.491708457336888
25,24.8356527221952
25,25.25833164284679
25,25.395620962166785
25,25.244867214923435
25,24.987528739202542
25,25.154662696858637
25,24.54158530084722
25,25.006817879127816
25,25.184259793174224
25,24.97851207065152
25,24.958670147953747
25,25.275835796468268
25,25.40490818506363
25,25.178214971483943
25,25.24405252255753
25,24.83871317770353
25,25.50812628519422
25,24.914059156500162
25,25.466265237682173
25,25.026088435353167
25,24.82265489960277
25,25.019436530169294
25,25.003094464977405
25,24.91836014006134
25,25.106425000500895
25,24.421380921471556
25,24.79069296665752
25,25.55029868372701
25,25.01181578536111
25,24.6340139200139
25,24.831283346788712
25,24.63350323365987
25,24.90903290539809
25,25.03824383522491
25,25.08767902534661
25,25.004726171909137
25,25.322532417428395
25,24.91789499253499
25,24.596816761842934
25,25.027716383142536
25,25.04595030507653
25,25.02298353020723
25,25.060813980843818
25,25.2022192421104
25,25.00955366640718
25,24.95222017929962
25,25.1244163168977
25,24.935867641889452
25,25.332165562018577
25,25.55429462934832
25,24.415431541287443
25,24.927353297075097
25,25.24798794820098
25,25.34217645032008
25,25.122787831936
25,25.072547777438142
25,24.57845586817988
25,24.85756154982387
25,24.77332982962632
25,25.2326615410349
25,25.036786245656465
25,24.993466836996834
25,25.10728198470624
25,25.540812211034808
25,25.215800280673733
25,24.981481420791653
25,24.798555272528066
25,25.18366863424493
25,25.159758086205436
25,25.263592070850546
25,24.720883853112923
25,24.781385194892994
25,25.14624474070451
25,25.11873601096464
25,24.962459386580935
25,24.85667391223536
25,25.33504699410461
25,24.787821215564076
25,25.128874768897337
25,25.044743855120952
25,24.881099690504595
25,24.92615533407869
25,24.890180663966355
25,25.144213624448586
25,25.081721438445147
25,25.00812756640743
25,25.20834857244938
25,25.029333048640627
25,25.010019912523063
25,25.177419458401225
25,25.198987699708915
25,24.68778601650335
25,24.782325603812485
25,25.175313568490605
25,24.520715554382924
25,25.39893138496565
25,24.86094340701674
25,25.01745761107745
25,25.22258256570443
25,25.062664661028712
25,24.740815935458663
25,24.86854097859217
25,25.3734597383257
25,25.212524931670526
25,25.330606075144665
25,25.278932325803556
25,25.006551737165267
25,25.41081255239132
25,24.929458896828184
25,24.953255547080122
25,24.670486943594508
25,25.13616378576817
25,24.82711908121919
25,25.453849353226346
25,24.970861428753295
25,25.538508963647224
25,25.02659822952585
25,25.139489906565178
25,25.33360500046306
25,25.24284252126316
25,25.190570174883764
30,30.50426612330822
30,29.947925765502312
30,30.21756122881939
30,30.260148281453706
30,29.945062032580008
30,29.63811430375986
30,30.080395560481712
30,30.264306961105696
30,29.791382359678547
30,30.330632573202628
30,30.299579543134993
30,30.266325296817378
30,29.607861345966562
30,29.868890455247154
30,29.980917403433814
30,30.41035870603199
30,30.217734213165773
30,30.109270863289282
30,30.079080887452832
30,29.591283621485726
30,30.043047315473117
30,29.955996199007835
30,30.101923687223902
30,30.235092678428398
30,30.27194558539317
30,30.322048669380102
30,29.96999438952005
30,30.42508585120378
30,29.935746229157488
30,30.16308283833351
30,29.740671350502062
30,29.71629509745885
30,29.834673281942933
30,30.287668327860047
30,30.471560358853697
30,30.04676376395176
30,29.85059676268563
30,30.24419342545778
30,29.956659485188556
30,30.266538371270403
30,30.306579623077916
30,29.989844306256916
30,30.327885263355213
30,30.20921945744064
30,30.226470647411368
30,29.885933955232584
30,29.648782271130717
30,29.880761807163246
30,30.0233081413245
30,30.10030277138041
30,29.850818661402926
30,30.068056581551065
30,30.173999936150977
30,30.315320564585
30,29.925137218638646
30,29.998473868114452
30,30.014678246116908
30,30.25077276107123
30,29.83218434333517
30,29.983113752042325
30,29.836232185391598
30,30.06255017032184
30,30.358864235363228
30,29.827585982219983
30,30.15082557755644
30,29.85288408787102
30,30.663480792446055
30,30.268105681107905
30,30.02373789456901
30,29.9689488116527
30,30.022630957894187
30,29.949320851180566
30,30.269681813516144
30,29.792130448141496
30,30.09138872676157
30,29.890189712200904
30,30.013600796939812
30,29.823808031892437
30,30.358427218973368
30,29.946042920988994
30,30.36250590868048
30,30.009582048868605
30,30.213473905338056
30,29.993659875139752
30,30.169096231255544
30,30.207624395604174
30,30.193987375715015
30,29.792769793434353
30,30.017674402778567
30,29.53581166119347
30,30.05955297007502
30,30.26968728123875
30,29.90694147975416
30,29.769100526811567
30,29.84532506300227
30,30.050495369197886
30,29.755178459567368
30,29.96675395593788
30,30.224272166544715
30,30.131799097519284
30,30.347310778486452
30,29.826655891803036
30,29.94372873282747
30,30.412247786276467
30,30.21145382602167
30,30.284227401681438
30,30.697292683761404
30,29.671941293469207
30,29.95179833245933
30,30.13660259369877
30,30.127214342373122
30,30.1873974001341
30,30.43740863492238
30,30.008328095996067
30,30.429257524797112
30,29.964865903087055
30,30.076578963486696
30,30.26051649549136
30,29.99633555302121
30,30.015456065238737
30,30.00207992923851
30,29.95302981983581
30,30.141313054175907
30,30.09651753430161
30,30.55694612967478
30,29.858983915824922
30,29.90998773302778
30,30.16667191854199
30,30.315029104787733
30,29.940374141156486
30,29.97900242093402
30,29.269775087318468
30,30.582231909790597
30,30.397160641703543
30,30.389431597644947
30,30.23972901408022
30,30.22196966580256
30,29.941027861818952
30,30.122518679199835
30,30.280132669184603
30,30.021914329979698
30,30.274289123607012
30,29.96662275763272
30,30.073382657888633
30,29.840531096668506
30,29.74507741761629
30,30.295484697444376
30,30.065814745571984
30,30.333293927842558
30,30.157505216378976
30,29.694586791623358
30,29.9760272880043
30,30.074111503624813
30,30.207171673187382
30,29.96910756732768
30,30.038365519176494
30,30.660834963085858
30,30.107632832330413
30,30.283477626223146
30,30.327091796861904
30,30.37899899145611
30,30.38142233538979
30,30.10887081075209
30,30.008885303859774
30,30.236795952495136
30,29.648418763709312
30,30.199993024007732
30,30.20697840841966
30,29.911409476142595
30,30.433253462752166
30,29.89429812065189
30,30.699744649964572
30,29.869139655677504
30,30.405619326316785
30,29.856526803862533
30,29.942719603037673
30,30.141302338942065
30,30.303580150228346
30,30.050731009119897
30,29.937921452058568
30,29.73286351441235
30,29.771558012926047
30,29.85084131411865
30,30.52513715906547
30,30.16933364270049
30,30.427944817396604
30,29.95250214358282
30,29.856582759457662
30,29.944185183742903
30,30.206087207133663
30,30.0333964065048
30,30.21764239169951
30,30.059793132240152
30,29.921957365045035
30,29.822144277790404
30,30.181302398890335
30,29.933093346762405
30,29.87446106250916
30,30.043688054668895
30,30.190972227012296
30,30.731646033798654
30,29.790864579664834
30,30.24733716373084
30,30.074319328610564
30,30.05408720347047
30,30.40557124222184
30,30.330632460160338
30,29.596451567436493
30,30.223322068146988
30,30.043198700330322
30,30.289836885656392
30,29.996943933211906
30,29.87614549488493
30,30.03288711757956
30,30.1567160555458
30,29.728380618493283
30,30.095357693099192
30,29.444515320734872
30,30.432856444781674
30,29.8550922441508
30,30.406092373364583
30,30.291126889495104
30,30.06881295767572
30,30.357457306365845
30,29.793448279009276
30,30.382222023013334
30,29.781550623391293
30,29.766638622924432
30,30.216493552150137
30,29.749856425586554
30,29.922247113501747
30,30.38509198823957
30,29.77526247392941
30,30.166648580391172
30,30.004387043429112
30,30.316003116767913
30,30.464848946378172
30,29.691611086439472
30,29.80191413764121
30,30.398623850392113
30,29.918712337534902
30,29.96092946530409
30,29.919150534110248
30,30.327247810805858
30,29.455549390252006
30,30.3215907758572
30,29.864593572644953
30,30.00209792816162
30,30.227132761915154
30,29.95307576926468
30,30.365181432993534
30,29.82561382848439
30,29.565856290399488
30,29.89879740762378
30,30.389815714123475
30,30.014962424737657
30,29.963704407687757
30,30.284141502200107
30,29.71955473584473
30,30.53109069922776
30,30.04922594613221
30,29.9555786345422
30,29.692821182732402
30,30.223468185144032
30,30.120193067492103
30,29.772951068620223
30,29.87353517745072
30,30.138064858811077
30,29.98689536204101
30,29.95671414657118
30,29.591215003114595
30,30.00062167637014
30,29.839435715330108
30,29.902205612783863
30,29.979424584252335
30,29.746176667712277
30,29.7634496763563
30,30.128693677955336
30,30.39914855839917
30,30.082252105658224
30,29.664510857869132
30,30.40157602308174
30,29.910426110946442
30,30.19233131621052
30,30.40975082201475
30,29.89222236991883
30,30.036256613157647
30,30.04613954693636
30,30.421821330314575
30,30.391430793935363
30,30.532919612043106
30,29.932080437622492
30,29.556681487579006
30,29.646624440895316
30,30.016145797288132
30,30.058881661482527
30,30.233867976270513
30,30.61359332366976
30,30.08722239046857
30,29.909183283863506
30,29.994175815607697
30,29.78073313620229
30,29.82111617917866
30,30.096794163699162
30,29.73394617678298
30,29.548093088001856
30,30.462282942170305
30,29.59231791175449
30,30.448898160461468
30,30.028145855789898
30,29.638128430985514
30,30.181347396273097
30,29.807128346817496
30,29.927926858425202
30,30.140362878406314
30,30.24855975929971
30,30.1024579437179
30,30.185573539635833
30,30.318346790841332
30,30.462884615795996
35,35.15566897827753
35,34.75248079174826
35,35.18337852433973
35,35.09606186957907
35,35.10752306938659
35,35.17764543650045
35,34.77155399806053
35,35.071348015009406
35,35.106807646065896
35,35.152984433906305
35,35.289042371756125
35,35.07316187443002
35,34.953274716693194
35,35.00937046268684
35,35.11395548195421
35,34.95222287597868
35,35.1924028938761
35,35.89295296551966
35,34.79898247152137
35,35.53424692382264
35,34.877656039160506
35,35.480278855001856
35,34.94220382724678
35,35.4176408348958
35,34.875594127649705
35,34.78424408211357
35,34.98572447043979
35,35.185476809876704
35,35.202842413700616
35,35.27612041383534
35,34.759767047441095
35,35.10333066762038
35,34.982908169023155
35,35.0511531903858
35,34.856650458233524
35,35.013230912282616
35,35.15359470278941
35,34.81922188544209
35,34.63922405201519
35,35.18691491901765
35,34.76221001190588
35,34.9619679622271
35,35.15879688985686
35,35.02033296700513
35,34.96060608134275
35,35.07307926507368
35,35.21550803412389
35,35.205281700137704
35,34.8679644577642
35,34.78209499241761
35,35.0177217777257
35,34.58274527141897
35,35.396664800009006
35,35.17010427536812
35,35.172020602087706
35,35.053455862898666
35,34.98596615876112
35,35.14165921852246
35,35.28241016409696
35,34.93570000181643
35,35.32668003057206
35,35.147926954774604
35,35.44332485639117
35,34.7115701011092
35,35.331987323773994
35,35.410562160835674
35,34.92884511470628
35,34.71743104117553
35,35.201771804114294
35,35.03234826652765
35,35.51445776365177
35,35.124870259530454
35,35.40021228844289
35,35.24124391449743
35,35.209518114773964
35,34.578873146924415
35,35.110816749737026
35,34.80457365272449
35,34.69238459472402
35,35.21187033818989
35,34.733290727474326
35,35.005938915462366
35,35.62945510822709
35,34.75735228498028
35,35.07884405021568
35,34.579431326276215
35,35.04431965569897
35,35.113931264302934
35,34.97064894498539
35,35.29042001327249
35,35.13306749623543
35,35.36513680420007
35,34.92158197148326
35,34.766859105604084
35,34.902599050840145
35,35.11225297822368
35,35.19759990824157
35,35.288707608449506
35,35.04152522886216
35,35.06910831908212
35,34.676314332791605
35,35.299805613780016
35,34.85357004697943
35,34.59909839794977
35,35.36588604667167
35,35.1974921177652
35,35.4071658973658
35,35.09983596698649
35,34.998671102810434
35,35.061446380560646
35,34.9068945756115
35,35.547916622656345
35,34.785769930440956
35,35.13323128047627
35,35.18690342070131
35,35.461071778839475
35,34.99863442534213
35,35.06918803858243
35,35.12324919844716
35,35.086346789491
35,34.73403077790899
35,34.72375418238779
35,34.96282432939463
35,35.04650964853446
35,35.310221614528245
35,35.22747946569916
35,35.1599352396822
35,35.02542575129737
35,35.0570377811647
35,35.07435925194081
35,35.00157175504383
35,35.02167670619567
35,35.27728578313839
35,34.93799384128215
35,34.88079012047255
35,34.95028045632161
35,34.74725414312572
35,35.34303960415086
35,35.179290302886606
35,35.18470664363628
35,34.48835454704347
35,35.51015291005277
35,35.259659664436796
35,34.90015031429249
35,34.44991597069884
35,34.85772054600151
35,35.20309420966045
35,35.151762621691915
35,34.73439484506793
35,35.15297056325591
35,35.26890612303028
35,34.66477957383955
35,34.82347199742738
35,35.47943761307117
35,35.344556027461635
35,34.88941521990811
35,34.992690423186
35,34.665549992982115
35,35.216214031901295
35,35.535674974679914
35,35.24487633595796
35,35.25681376746313
35,35.164541160303564
35,35.041754148135325
35,34.774638434781004
35,34.81708731737982
35,35.18654504541817
35,34.493173763429915
35,35.09012085643818
35,35.25871899051779
35,34.776526135487686
35,35.10956743131857
35,35.159732577710166
35,35.32720081739635
35,35.16837706904377
35,35.21285156656061
35,35.19885508119879
35,34.83946642485415
35,35.33159150715829
35,35.26373643670914
35,35.20784840791243
35,35.3399703502822
35,35.208361660295424
35,35.41848920367526
35,34.328467049165695
35,35.27358425781817
35,35.18116749620855
35,34.87924629476232
35,34.877309569589066
35,34.727339500098246
35,35.4564447000818
35,34.79183871132207
35,35.01220602151139
35,35.16553188069491
35,34.91324113395543
35,34.53379716445022
35,35.122414932971715
35,34.543401085130114
35,35.21795877078469
35,34.95375040425466
35,34.84005125415101
35,35.07648334788675
35,35.34202116011216
35,35.12853531850771
35,34.77422299093232
35,34.78196636728376
35,35.23910152114554
35,35.401491221929156
35,34.90610933228297
35,35.272522561009275
35,34.785382970810666
35,34.94949570608303
35,35.25787396938649
35,34.876065665667724
35,35.390778629494264
35,35.08281319339056
35,35.11203008868289
35,34.83817500908347
35,35.76183281823418
35,34.89008130980419
35,35.10224469864547
35,34.87646218375447
35,35.44589993101626
35,35.49161558538136
35,35.39633081522533
35,35.16499702016816
35,35.34487695973074
35,34.60868329656587
35,34.84781864760728
35,35.07510991353697
35,34.90064339563101
35,34.90062301554491
35,35.201353491119335
35,34.84118149528492
35,34.943684880165314
35,34.44774583965888
35,35.06524978499424
35,35.29384026038904
35,35.521812666477985
35,35.24976723932409
35,35.08072531932057
35,35.155141638533
35,34.73979201087706
35,35.59182701778617
35,35.17609303492208
35,35.46926919383968
35,35.06825756252989
35,34.900695856464466
35,35.16138722597702
35,35.68317509764393
35,35.49337418716085
35,34.60413408393544
35,34.98429706913722
35,35.34197560408948
35,34.76483754103001
35,35.27876255203194
35,34.88928881612168
35,34.73892425612849
35,35.36269159351979
35,34.9898612958343
35,34.71924148944553
35,34.74296075299135
35,35.486904977630694
35,35.423716650559264
35,35.40228758950459
35,34.874081415734544
35,35.378993984072984
35,35.01565876604974
35,35.37538492929983
35,35.04972971286918
35,35.00164207994542
35,34.85648568739265
35,35.49003761244135
35,34.94367052057271
35,35.36039380107249
35,35.337872015515906
35,34.52819125681976
35,35.511353097079066
35,35.19852859372431
35,35.485558601276
35,34.9855863986195
35,34.83026291310663
35,35.178404831572195
35,34.99938814044424
35,35.34451289784968
35,35.293285881823834
35,35.41415907660396
35,35.10510891284345
35,34.71674033516017
35,34.80021289360763
35,35.23285388059548
35,35.23587149976898
35,35.87372831254776
35,35.24935411819245
35,34.49200758783679
35,35.16626009477923
35,35.319010649412455
35,34.768613327413995
35,35.492067645159565
35,35.02321281346794
35,35.09386111190288
35,34.98968161260926
35,35.38950498942012
35,35.5028008362116
35,35.285744920175034
35,35.17727720365793
35,35.27655974452505
35,35.380258269398496
35,35.0579504056775
35,35.70603162026254
35,35.16301879066998
35,35.24128835860347
35,35.45386564094668
35,34.83915214136139
35,35.175169267191926
35,34.90016878853665
35,34.84965967919501
35,34.976574082725875
35,35.086942056052024
35,34.67370433450047
40,40.586737868076995
40,40.32742728372976
40,40.32316894075832
40,39.87331678229883
40,40.3380079203165
40,40.14025600553355
40,40.50517198823223
40,40.145066906044065
40,40.3058218173699
40,40.35492222500638
40,39.88517269837746
40,40.178020045791406
40,40.21647995754921
40,40.39081701642919
40,40.273685538644685
40,40.18839182995267
40,39.61458345144427
40,40.268232915397675
40,40.12145344438617
40,39.89662918574226
40,40.11663614778604
40,39.996914147069084
40,40.195200006972016
40,40.02721927219751
40,39.77743692930836
40,40.11321281471922
40,40.24335981924388
40,39.9725681841648
40,39.79730434277493
40,40.08429798358487
40,39.51815992277456
40,39.6019265184424
40,40.21467671255878
40,40.20511088792664
40,39.76868654298086
40,40.06433455641845
40,40.09418589086418
40,40.09260938964613
40,40.254375236184956
40,40.33289861650688
40,40.118260400549005
40,39.73081765625315
40,40.29617558064907
40,40.205037877676375
40,39.791264493150294
40,39.21138267522118
40,39.87494881786587
40,40.08858345900414
40,40.464199206321936
40,39.857693186439974
40,40.18965624911407
40,39.88849158767699
40,39.94057344173768
40,40.24347223805658
40,40.03739179574581
40,39.61276148495475
40,40.24594433550786
40,39.97658372427016
40,40.060700974385114
40,39.60542450861716
40,39.675409788530935
40,40.27904323262012
40,40.38880664384703
40,40.031329756981066
40,39.86719648710599
40,40.01803797033211
40,40.069090843583936
40,40.21526357795844
40,39.90214284681227
40,39.943058849973575
40,40.21272749409751
40,39.41673784971316
40,40.25261759792951
40,40.190047667048624
40,40.31940633819692
40,39.63996989549798
40,39.81793651981409
40,40.023440741355735
40,40.03104227644518
40,40.351848075643666
40,39.573662625374205
40,40.125874920817786
40,40.58395876109032
40,40.17265593689953
40,39.6183502836515
40,40.37429689953687
40,39.64391714936972
40,40.05074660670144
40,40.2563968240063
40,40.26217756321947
40,39.80932528076537
40,39.96057474002073
40,39.8865027549066
40,40.0415046287227
40,40.496145431684184
40,40.17996142898317
40,40.33310060306962
40,39.96787037517571
40,40.37021465569192
40,40.47275450028091
40,39.5597052936485
40,40.17015901965672
40,39.717015433251966
40,40.74345907275566
40,39.81118359695899
40,39.63122092712745
40,39.577273970402814
40,39.79631739787478
40,39.99106180828839
40,40.032520124897445
40,39.95793635024468
40,40.05621818661755
40,39.789256186947625
40,39.56421158729845
40,39.42439509577639
40,40.166675301810734
40,39.94312871191907
40,39.92225919007559
40,40.713547588105264
40,39.283067558274375
40,39.6756859371323
40,39.71889375741296
40,39.551421848460684
40,39.813471503762536
40,39.937340138499515
40,40.36416664453208
40,39.89834052655546
40,40.141129436958046
40,39.88349557979687
40,40.0036095545929
40,40.148089508588484
40,40.10075833084493
40,40.272491810496895
40,39.85231373212475
40,40.247264474341975
40,39.828387883567316
40,39.71512239465352
40,39.92946996416822
40,40.099492343082524
40,39.61972430192348
40,40.11336450139675
40,39.81757318964035
40,40.30661314341254
40,40.12113696772495
40,40.11629191296542
40,40.51874093283772
40,40.06460555043026
40,40.26286103826028
40,40.20970307070284
40,39.70719733120846
40,40.21763722751155
40,40.01109977230665
40,39.57145978453859
40,40.23606667473296
40,40.07232140058395
40,39.59569786593076
40,39.87950653399982
40,39.87750432857005
40,39.73639802330033
40,39.606996100329255
40,40.28283058226345
40,39.84947979310802
40,40.06994001793003
40,40.588498424254006
40,39.97966886792381
40,39.988883227736444
40,39.88798894962516
40,40.55306817326595
40,40.35431906495838
40,39.794366536651694
40,40.18429344040439
40,40.21878944062843
40,39.66524140060601
40,40.64904017618824
40,39.889733050991794
40,40.28630911453239
40,39.95376426630346
40,39.88291116484885
40,40.57468568002739
40,39.88818204445262
40,39.96858934303452
40,40.009232196374185
40,40.39074586267414
40,40.568034450751
40,39.90763466151731
40,39.86617842839367
40,39.593030124726056
40,40.0188562704773
40,40.52798810993734
40,40.45849385093776
40,40.054067515975476
40,39.86820917683427
40,40.18002615211079
40,39.939748821833774
40,40.109283642805515
40,39.8975877147705
40,39.888293411892256
40,39.992825590262896
40,40.4641466920906
40,39.67914799980467
40,40.5532718533142
40,40.104270093153474
40,40.053507850630346
40,39.93655630860663
40,40.070512302036136
40,39.88907678409618
40,40.12390841428737
40,40.19542673841589
40,39.81524293733991
40,40.213277497242515
40,40.23521112991754
40,40.01125176231987
40,39.91070403638844
40,40.10076735577331
40,39.52959885149608
40,40.65125335142703
40,40.17747059760489
40,40.26537203897802
40,40.21405819281255
40,40.01831301306291
40,40.14165630167785
40,40.25869060242525
40,40.27489440616459
40,40.07947334005085
40,40.26803965410995
40,40.387205189932786
40,40.00064706331285
40,40.170840615357925
40,40.265784163516585
40,40.15585367997529
40,39.89003894028217
40,40.3170624246429
40,39.84331916998345
40,39.7538797273176
40,39.93230385859443
40,39.71567588842156
40,39.916806910361615
40,39.65082509630795
40,40.11588027510966
40,40.15232609797475
40,40.09981355538161
40,39.929420885031206
40,40.04199322169301
40,40.35328569488455
40,40.54516777472804
40,40.15422777357907
40,40.29090132997483
40,39.658536060257404
40,40.42475343131259
40,39.83785672597776
40,40.24553109899831
40,40.421826964902905
40,39.75387914767531
40,40.243129429170374
40,39.566413047467734
40,39.704798690901455
40,40.07843370741115
40,40.18388842948272
40,40.24330774378159
40,40.29705169099725
40,40.33124904821825
40,40.35913218017598
40,39.739806306648056
40,39.995053064453074
40,40.307813098652325
40,39.898308189850894
40,40.24729893695969
40,40.39738912500357
40,39.81470070115861
40,40.575163634868396
40,40.021826740492486
40,40.89518067799876
40,39.642666833444885
40,39.61933950826508
40,40.559484350126226
40,40.391329567420634
40,39.74502163362592
40,40.21330156163381
40,40.249064217863825
40,39.91508797702583
40,39.31051823153318
40,39.63932321214533
40,39.923527562634305
40,39.80092203738025
40,39.93260080578346
40,39.99832807760203
40,39.637053303745745
40,40.09294593029091
40,40.00722012349769
40,40.21600005828373
40,40.11851057370475
40,39.7956235839594
40,40.188422093474294
40,40.23223367364543
40,39.702163648951085
40,39.99135275616313
40,40.552988346513835
40,39.75535983132949
40,40.22055427222023
40,39.352746355968776
40,40.19845828124629
40,39.931296752556776
40,39.57853888578051
40,39.84780229615779
40,39.88584076313186
40,39.74855001849986
40,40.22092162035025
40,40.25960686357727
40,39.71750442402416
40,40.11934466785772
40,39.87193877246323
40,40.137829863622244
40,39.56220236366972
40,39.84008814637215
40,39.516191148523056
40,39.77128537359416
40,39.85437812090736
40,39.89836776942612
40,40.221317885930745
40,39.77904773670809
45,45.10688801971499
45,45.90859969591622
45,45.3212559591274
45,45.21879760144977
45,44.70407749157604
45,45.06101015508895
45,44.65406572744164
45,44.865993144075816
45,44.74033750583245
45,45.55030214562756
45,44.66463715783792
45,44.8172629199158
45,45.09199861865406
45,44.37256961826193
45,44.95459098033151
45,45.184744919780044
45,44.86256056996641
45,44.82824202191127
45,45.469415364414424
45,45.244856274513076
45,45.40346963071215
45,44.564752729694305
45,45.342157572054184
45,45.50907608160317
45,44.88942641372092
45,44.68397478766114
45,44.83631732304795
45,44.60894621686433
45,44.891973680717584
45,45.32342187842273
45,44.90804049101659
45,44.74726341869818
45,44.61806421543636
45,44.82652125231098
45,44.898313919474305
45,44.75813678729681
45,44.80874434693037
45,45.24871612325565
45,45.19302576771173
45,44.4040529160971
45,44.88516073097776
45,45.68705847553433
45,44.779229071832006
45,45.16143708480066
45,44.45771032368632
45,44.71706323738006
45,44.96621366040163
45,44.910508028656515
45,44.41153360404146
45,44.901647962136416
45,44.51568010870562
45,45.03133190365144
45,45.42930118973487
45,44.41915709843329
45,45.38445687451036
45,45.291890329364215
45,44.923396952810556
45,44.954150113915155
45,45.30693945993018
45,45.23812575490935
45,44.934606904690774
45,44.919723325301774
45,45.047788605813935
45,45.205894536563484
45,44.74979110499349
45,45.12964969933787
45,45.44374633194301
45,44.82426266003361
45,44.31769889452274
45,45.139257276526216
45,45.37724542543346
45,45.48624486066999
45,45.59701972769782
45,45.006498670678724
45,44.529161798684434
45,45.31776089725319
45,45.106017187381724
45,45.021525815485056
45,45.267505420337855
45,45.32889395699755
45,45.09657633828792
45,45.50750153015842
45,44.84226016927732
45,44.90793871137565
45,44.912364300296986
45,45.47149629905039
45,44.82317613358797
45,45.47149880769217
45,44.71815614230125
45,45.33554816250987
45,44.623606968395364
45,44.83398624233222
45,45.10132824259827
45,45.20369523527252
45,45.52017009166567
45,45.17315477410465
45,45.150901255797585
45,45.03574496220669
45,45.28576163174662
45,45.2934554965809
45,45.22073725448524
45,45.36950186549703
45,44.528709165345
45,45.15917112413048
45,44.604396857486556
45,45.25445309640839
45,45.467499243793725
45,45.01971011158499
45,44.987880449377265
45,45.56002023628446
45,44.6039722297131
45,45.07124341145319
45,44.28316080238214
45,44.56885024594846
45,45.11535134518521
45,45.593889465663835
45,45.253411075338754
45,45.51176515083902
45,45.513024607734735
45,44.80297479551708
45,44.949664543473304
45,45.113008472031005
45,45.10003126805667
45,44.76257480136383
45,44.66333002615115
45,45.696962161487214
45,44.793421734030225
45,44.906121234130346
45,45.134160224506054
45,45.447328984904296
45,44.983083053557046
45,45.247241811895
45,44.710279739763145
45,45.170040179687696
45,45.4851423506318
45,44.36671924987029
45,44.868772439496546
45,45.38871150061189
45,44.94282915232433
45,44.905665513360084
45,45.335736282562046
45,44.843616424871385
45,44.72259814363162
45,44.8148776156519
45,45.24579644764782
45,45.55845597433725
45,45.19817372993646
45,45.06925461331146
45,45.000697349724945
45,44.99587411621458
45,44.77918373642493
45,45.4760156098039
45,45.05458674486002
45,45.09023304760408
45,45.29418452050946
45,45.04703397741512
45,44.497827921910485
45,45.25638910060508
45,44.614767923919416
45,44.84802296510111
45,44.80617435882518
45,45.130086699286245
45,44.98970617912868
45,44.81976220816703
45,44.7607223360501
45,45.18981800626301
45,44.84874023328135
45,45.52960289615578
45,45.39961564968001
45,44.79329139372625
45,45.287038331697055
45,44.80067017594079
45,44.799998371586376
45,44.69729871012651
45,45.37619155673286
45,45.12911186529963
45,44.399030675495865
45,44.75732676937335
45,45.331793651625574
45,44.41654102445049
45,44.998245485048045
45,44.744906716790666
45,44.87036430731091
45,45.46111435095421
45,44.91550327974074
45,44.90705381389926
45,45.40095503337856
45,45.13283004495676
45,44.78925280239549
45,45.228730036195515
45,45.01136958084676
45,44.97685979502949
45,44.95938669720893
45,45.27361577746227
45,45.49098154986145
45,44.7007869413574
45,45.541750015465425
45,45.06578327742939
45,45.16281526146794
45,45.4471169417566
45,45.14229763600164
45,45.07007476716943
45,45.14077288019199
45,45.17575165370336
45,45.05712462945465
45,45.28602847265945
45,44.79186693769319
45,44.63417768357316
45,44.901493415797276
45,45.18764996248163
45,44.674739985882454
45,45.11023813517506
45,45.209495179564556
45,45.549316510077155
45,45.00950799062416
45,45.09380715484073
45,44.75954565885844
45,44.592928300051035
45,45.05096519206729
45,45.207337325207774
45,44.69134061107434
45,44.35892614955784
45,44.4355718908824
45,44.78180971388133
45,44.88472322517128
45,44.63728768702249
45,45.32904366845491
45,44.661414481379836
45,44.96866586495068
45,44.7254158956396
45,45.06691345802032
45,45.320427749721524
45,45.2005249142396
45,44.77678601485413
45,45.123880885908505
45,45.05639500315483
45,44.80305941361409
45,45.40828461224852
45,44.21882736886122
45,44.97783038490063
45,45.00670970185596
45,44.49808118921655
45,44.654134636223304
45,45.092589778802996
45,44.58844650642988
45,45.000551513320495
45,44.868778726730966
45,45.43029278534394
45,44.89211771843264
45,45.844541371443206
45,44.613756657749164
45,45.125622776721315
45,45.42606358264692
45,44.791812022744054
45,45.43377306778549
45,45.17331486373579
45,45.296582221243874
45,45.58578156695138
45,45.35811889158701
45,44.96025266614346
45,44.65095049174149
45,45.38816954209235
45,45.21079218447206
45,45.25208784481683
45,44.824272290537195
45,45.54067840483234
45,45.078074778013914
45,45.02520781461851
45,45.70559357236884
45,45.2410781621212
45,44.76575875274064
45,44.73530661003991
45,45.032471316737585
45,45.583364751335345
45,44.77391268923768
45,45.242089316966116
45,45.25947673397555
45,45.38324569990656
45,44.59377559990151
45,45.12280758712316
45,45.84001869561042
45,45.22362541295524
45,44.5734529142961
45,44.96602786353377
45,45.22390332230123
45,44.61916768813806
45,45.154036209736276
45,45.32793136001018
45,45.36109142672202
45,44.98071471450248
45,44.90363902901865
45,44.69124890038419
45,44.86947409881123
45,45.06062699625661
45,45.79784512357903
45,45.04504742883258
45,44.78097040743321
45,45.040678824511005
45,45.26558310964238
45,45.128382175783166
45,44.93226583818732
45,45.354298212837776
45,44.5856744934866
45,44.90055120076758
45,44.90443108533024
45,44.77638131350388
45,44.77241662622075
45,44.78972649156916
45,45.17815848162833
45,45.032293930527985
45,44.89415062140092
45,45.2333289029834
45,44.80956948812964
45,44.82185838622592
45,44.70010705441369
45,44.99698306168659
45,44.90401656399787
45,44.933946237742056
45,45.34866869973799
45,44.639873520613676
50,50.501769314908096
50,50.4636119938858
50,49.98399418304365
50,50.3914171340819
50,50.66339408181259
50,50.09875103576288
50,50.14659283051183
50,49.813460696943984
50,49.7801029025111
50,50.092009722321265
50,49.59798396631914
50,50.48855816435384
50,49.87213819315873
50,50.3453856281482
50,50.45136814446791
50,49.88613217531781
50,49.758688546625514
50,50.32605274707763
50,50.658614878083924
50,50.372446720616395
50,49.47413049889301
50,50.4818577818253
50,49.94545865460199
50,49.73050911448876
50,50.4022800128257
50,50.03649375190452
50,49.704514972942846
50,50.10816235217495
50,50.19229845985783
50,49.671802154418785
50,49.94045602886964
50,50.691747612457014
50,49.724868409558184
50,49.67018901562932
50,49.50170292119591
50,50.147101140956785
50,50.56201874438695
50,49.933927000555116
50,49.784028449848385
50,50.26574174997752
50,49.67875943948094
50,50.139905444988656
50,50.71304787045858
50,50.16484738886848
50,50.28769089959874
50,49.85024906529356
50,49.3969395367484
50,50.32337917498914
50,49.897880389623744
50,49.85787855407245
50,50.28910052526864
50,49.29404919330151
50,49.97573250745872
50,49.86365427300725
50,49.83639411991391
50,49.506528166689876
50,50.128896117361826
50,50.66007654135799
50,49.78112527996603
50,49.65791180352577
50,49.975415911280315
50,49.6977945782234
50,49.84297617913155
50,50.171650747157976
50,50.13571992246688
50,49.95027735777803
50,49.95843328898509
50,49.60732177115664
50,50.50803477325979
50,50.15740306784779
50,49.896272712961185
50,49.99532454259463
50,50.00714776512678
50,49.885255243184304
50,50.23265246402956
50,50.29930577425026
50,50.07178045993694
50,50.17814240810494
50,49.780267262657155
50,50.89582314402036
50,50.622386611277975
50,50.04654203098913
50,50.0010944739258
50,50.136099915452455
50,49.84412626834427
50,50.157925276886814
50,49.999390534194085
50,49.78808285346119
50,50.44560659946054
50,49.311175771961395
50,49.61079770633105
50,50.335894746083895
50,50.60183319948403
50,50.502955526983335
50,50.21993166953787
50,49.88378139966319
50,50.04565582259042
50,49.837422479197464
50,49.78904352957728
50,49.77484776721896
50,50.03488830832544
50,50.292143439170395
50,49.899484636375234
50,50.04631527250778
50,50.07627174562697
50,49.95894858359537
50,49.81152077361066
50,50.4307696831625
50,50.29848993898867
50,50.01667843936153
50,49.70749180375806
50,50.40138733389208
50,49.95506109086751
50,49.6977265573286
50,50.31052051297075
50,50.10578427059612
50,50.019881554116814
50,50.2526505189924
50,49.8548515543193
50,50.179734902830006
50,50.042655956484296
50,50.66248228002729
50,49.70615112687737
50,50.324235872921165
50,49.794084276585394
50,50.09748824288601
50,50.37971735232758
50,49.58887857139473
50,49.881789781436765
50,50.11527697813349
50,49.38935771949132
50,49.97419661317093
50,50.23416038760438
50,50.05331964833717
50,50.1335996106822
50,49.93273751944524
50,49.76319197726434
50,50.25423595127938
50,50.04324405895763
50,50.20229035135615
50,50.62381445707144
50,49.932736435006085
50,50.1693138669393
50,49.79374158763478
50,49.860450001497746
50,50.175416496333625
50,49.860737107790705
50,50.19036628731479
50,50.240267280894564
50,49.92630653442053
50,49.342160406156964
50,49.91470264099801
50,49.57991215449664
50,50.01441112906785
50,49.727408080331884
50,49.7256964142378
50,50.08282192193489
50,49.66323452095113
50,50.3125309103488
50,50.415646204974564
50,50.245627184767386
50,50.35956384641823
50,50.291615840007545
50,50.12262453165952
50,49.94852293819585
50,50.90744320649335
50,50.148722031421315
50,50.48103714463551
50,49.89248873037486
50,49.50364158847109
50,49.931285345811325
50,49.70144651725946
50,50.224066194430065
50,49.6343578618651
50,49.95142054682218
50,49.793326897682455
50,50.19114483607584
50,49.73425889787726
50,49.75620743942018
50,50.139169221903146
50,49.574906277016694
50,50.5727128076029
50,49.80182277211408
50,49.416115326785174
50,49.5602637230308
50,50.37925279362657
50,50.15259754383535
50,50.213923773178976
50,50.59905575260048
50,50.090680176845744
50,49.91152053970544
50,49.82820821389073
50,50.19561474575403
50,50.2119436443848
50,49.40541838917377
50,48.98737386488285
50,50.25513115727973
50,49.773972693824774
50,49.865344877713206
50,49.33951610420778
50,49.85202607079305
50,50.25829947511101
50,50.8080778281495
50,50.127519014111414
50,50.06902598557486
50,50.43776459198052
50,50.58938253956305
50,50.13199976609223
50,50.970676297834615
50,49.60716534123938
50,49.97046904550636
50,50.936385429481476
50,49.939169259268176
50,50.23467271689062
50,49.961337736114075
50,50.63866560230407
50,49.38653243803377
50,49.39841675029824
50,49.156009712981124
50,49.68241328758404
50,49.97951593283013
50,50.4795435792952
50,49.99897397469412
50,49.607628322006725
50,49.39244139774632
50,50.35640800547894
50,50.19487830483112
50,50.045843588403
50,50.08911441918311
50,50.425078611015785
50,50.0565765347802
50,49.911764126803575
50,50.04599315588885
50,50.179382771423164
50,50.547864734556285
50,49.727728650005744
50,50.21511901438896
50,50.07761355662548
50,49.78707276098981
50,50.629984099552175
50,50.01461654324321
50,49.76315063966536
50,50.55844437163841
50,50.51467753745276
50,50.05964894536408
50,50.03768576160903
50,49.90679524169306
50,50.24768233198303
50,50.10020696797225
50,50.4747643970431
50,49.93585591221235
50,49.92681176193583
50,50.07774507975118
50,49.94665043169799
50,50.23477361543916
50,49.49228083631501
50,49.56347403041329
50,50.17303181110388
50,49.882122419486336
50,50.80594784057953
50,50.23438506174045
50,49.94536219550283
50,49.50353112342155
50,49.97795074265143
50,50.29222014971119
50,49.92235694805827
50,49.35729272220936
50,49.86102523074869
50,49.75902951181605
50,50.09135034908348
50,50.22535019323793
50,50.18394273754228
50,49.84510839622092
50,49.592962099011764
50,50.19993794308613
50,50.313061559711926
50,50.00681254754763
50,50.25440371616227
50,50.211649637457526
50,50.18426682702866
50,50.13815163612857
50,49.934580781369185
50,50.03469937233964
50,49.77245304326622
50,50.03663101390141
50,49.776009769434
50,49.61923583357576
50,50.58971263128529
50,49.95220486327457
50,49.93130452261632
50,50.26649107581537
50,50.26154009765837
50,49.77898318284389
50,50.16223290326448
50,49.78756501786284
50,49.86399118497859
50,50.18675260803515
50,49.97929451683835
50,50.78194636843566
50,50.130012032163116
50,50.0499064934951
50,49.92588632259461
50,50.375013134059
50,50.18124692439328
50,50.2942067861604
50,48.75736442919001
50,49.99441590242811
50,49.929510119845546
50,50.04187072673421
50,49.808671812363976
50,49.68831351669123
50,50.21312833792815
50,50.224232705224885
50,50.39869578704593
50,50.263034135828676
50,50.08878706758649
50,50.04816169713664
50,50.23437234468144
50,50.16631878922048
50,50.25588416984917
