# t (s), normalised signal
5.999999999999999728e-07,-3.374054325229356531e+06
6.002002002002001268e-07,-1.619106546522643883e+06
6.004004004004003867e-07,2.239282908764085732e+06
6.006006006006005407e-07,3.474105688828799175e+05
6.008008008008008005e-07,2.280753215248500346e+05
6.010010010010009545e-07,-9.745750293545292225e+05
6.012012012012012144e-07,-3.915576623832653277e+06
6.014014014014013684e-07,2.526524157182465307e+06
6.016016016016015223e-07,-2.211702110462850425e+06
6.018018018018017822e-07,8.134591901247362839e+05
6.020020020020019362e-07,9.706264574214663589e+05
6.022022022022021960e-07,1.962593409143798344e+05
6.024024024024023500e-07,1.539891460775455693e+06
6.026026026026026099e-07,2.639448299635438714e+06
6.028028028028027639e-07,-2.455990126859804150e+06
6.030030030030030237e-07,-7.582162357189226896e+05
6.032032032032031777e-07,-3.739783531189236965e+04
6.034034034034033317e-07,-6.872691507862888277e+06
6.036036036036035916e-07,-1.340132580452720635e+06
6.038038038038037455e-07,-1.143998652029694291e+06
6.040040040040040054e-07,5.301634753046493046e+06
6.042042042042041594e-07,-2.078953270264773397e+06
6.044044044044044192e-07,4.591709925965428352e+06
6.046046046046045732e-07,2.832284660037222318e+06
6.048048048048047272e-07,-4.137816855257372372e+06
6.050050050050049871e-07,4.115870251853862312e+06
6.052052052052051410e-07,-8.472914177496291231e+05
6.054054054054054009e-07,-1.672083310638140654e+06
6.056056056056055549e-07,-5.291847779450423550e+05
6.058058058058058147e-07,2.300208003698878456e+06
6.060060060060059687e-07,-4.966080906390040182e+06
6.062062062062062286e-07,-3.015016502637508325e+06
6.064064064064063826e-07,7.437747255684883567e+05
6.066066066066065366e-07,-3.748520874223568942e+06
6.068068068068067964e-07,-8.930471215006888378e+05
6.070070070070069504e-07,-1.094440964672047179e+06
6.072072072072072103e-07,3.572665003985188436e+06
6.074074074074073642e-07,6.551821848039060133e+05
6.076076076076076241e-07,-7.396299496160621056e+05
6.078078078078077781e-07,-2.168058283595361747e+06
6.080080080080079321e-07,-3.172917640836704988e+06
6.082082082082081919e-07,-2.435261040295033716e+06
6.084084084084083459e-07,-1.289448624771546107e+06
6.086086086086086058e-07,9.620868647494554752e+05
6.088088088088087597e-07,-2.414376893434422964e+05
6.090090090090090196e-07,2.728834147536337376e+06
6.092092092092091736e-07,2.833333647554563824e+06
6.094094094094094334e-07,7.641996193002683576e+05
6.096096096096095874e-07,-4.019136214295356185e+05
6.098098098098097414e-07,1.862452146734907990e+06
6.100100100100100013e-07,8.141996447947865818e+05
6.102102102102101553e-07,8.226127181057897396e+05
6.104104104104104151e-07,-1.301549667458961252e+06
6.106106106106105691e-07,-2.791730841820977163e+06
6.108108108108108290e-07,-2.600328211912721395e+06
6.110110110110109829e-07,9.843828079017811688e+05
6.112112112112111369e-07,2.499757206004834268e+06
6.114114114114113968e-07,-4.379978961319101043e+06
6.116116116116115508e-07,3.748610533981436747e+05
6.118118118118118106e-07,2.868319039272213704e+05
6.120120120120119646e-07,3.408601999889260042e+05
6.122122122122122245e-07,8.387796563546231482e+05
6.124124124124123784e-07,3.592672553426082712e+06
6.126126126126126383e-07,-2.052893849131971132e+06
6.128128128128127923e-07,-1.293000509654943889e+05
6.130130130130129463e-07,2.349726299687632825e+06
6.132132132132132061e-07,-1.873503039602821809e+05
6.134134134134133601e-07,1.086477288097899640e+06
6.136136136136136200e-07,-1.438063080509308027e+06
6.138138138138137740e-07,3.101491970533825923e+06
6.140140140140140338e-07,-2.116004286863460671e+06
6.142142142142141878e-07,2.642825103132966440e+06
6.144144144144143418e-07,1.549568496860580519e+06
6.146146146146146016e-07,1.064595993090349220e+05
6.148148148148147556e-07,1.932231035424890229e+06
6.150150150150150155e-07,1.828490364103406435e+06
6.152152152152151695e-07,3.589929055722759105e+06
6.154154154154154293e-07,1.705264452276109252e+06
6.156156156156155833e-07,1.531351770834901370e+06
6.158158158158157373e-07,4.661299227643879713e+05
6.160160160160159971e-07,-1.081844516414041398e+06
6.162162162162161511e-07,-2.760719352342232130e+06
6.164164164164164110e-07,-9.397464947879759129e+05
6.166166166166165650e-07,1.554903602135604247e+06
6.168168168168168248e-07,5.321435697212701663e+06
6.170170170170169788e-07,2.913547309991475195e+06
6.172172172172172387e-07,7.948132140818737389e+04
6.174174174174173927e-07,1.077518719309244305e+06
6.176176176176175466e-07,6.201634975200798362e+05
6.178178178178178065e-07,5.042014708432473708e+05
6.180180180180179605e-07,-2.065680991158088727e+05
6.182182182182182203e-07,1.365416308819078607e+06
6.184184184184183743e-07,-1.653538950858204160e+06
6.186186186186186342e-07,2.858058669719363679e+05
6.188188188188187882e-07,2.378076770841740537e+06
6.190190190190189421e-07,-4.060163195021633874e+05
6.192192192192192020e-07,1.283047381863116985e+06
6.194194194194193560e-07,1.426631763672511559e+06
6.196196196196196159e-07,-1.078714507647055900e+06
6.198198198198197698e-07,-2.172528404279178008e+06
6.200200200200200297e-07,1.162901255725873169e+06
6.202202202202201837e-07,-1.912768117863491876e+06
6.204204204204204435e-07,2.132935139116696082e+06
6.206206206206205975e-07,1.371853795014803181e+05
6.208208208208207515e-07,-8.857348535641189665e+05
6.210210210210210114e-07,5.949465241221607430e+05
6.212212212212211653e-07,1.676924734949357342e+06
6.214214214214214252e-07,7.475700036821857793e+05
6.216216216216215792e-07,-3.765203700074033346e+06
6.218218218218218390e-07,1.300050836519332137e+06
6.220220220220219930e-07,2.764187207159984973e+05
6.222222222222221470e-07,-2.687351514793601818e+06
6.224224224224224069e-07,2.613846375551403500e+06
6.226226226226225609e-07,8.530753863730750745e+05
6.228228228228228207e-07,3.399339512986512389e+06
6.230230230230229747e-07,-2.062144589008889860e+06
6.232232232232232346e-07,-7.188294581737335538e+05
6.234234234234233885e-07,6.301853977630275767e+05
6.236236236236236484e-07,-2.839880393834205810e+06
6.238238238238238024e-07,1.067585808096656576e+06
6.240240240240239564e-07,2.478414914371811319e+06
6.242242242242242162e-07,-2.144631949632504489e+06
6.244244244244243702e-07,-1.042589974832614971e+05
6.246246246246246301e-07,-7.121601865301689832e+05
6.248248248248247840e-07,5.117513550214961171e+06
6.250250250250250439e-07,1.149707577493692224e+05
6.252252252252251979e-07,-7.045041116638617823e+05
6.254254254254253519e-07,8.837975225688595092e+05
6.256256256256256117e-07,-1.758848315852733096e+06
6.258258258258257657e-07,-7.932657479201869573e+05
6.260260260260260256e-07,1.724118770846319152e+06
6.262262262262261796e-07,3.139123639179534744e+06
6.264264264264264394e-07,-8.021193923110783799e+05
6.266266266266265934e-07,2.495892991467033979e+06
6.268268268268267474e-07,-7.345465604307669855e+04
6.270270270270270072e-07,-2.207142692405685782e+06
6.272272272272271612e-07,-2.424576748954250477e+06
6.274274274274274211e-07,-1.092442375914959470e+06
6.276276276276275751e-07,1.415263422247177921e+06
6.278278278278278349e-07,4.623107170589632355e+06
6.280280280280279889e-07,5.100349278338101576e+05
6.282282282282282488e-07,-1.596836792888767377e+05
6.284284284284284027e-07,-8.736348401644387050e+05
6.286286286286285567e-07,7.202113044240474701e+05
6.288288288288288166e-07,-9.941176203689774266e+05
6.290290290290289706e-07,-1.137344176736252848e+06
6.292292292292292304e-07,7.240281755924732424e+05
6.294294294294293844e-07,7.955910676863291301e+05
6.296296296296296443e-07,-1.606369469178622589e+06
6.298298298298297983e-07,-1.612048121863904875e+06
6.300300300300300581e-07,-4.880903277576765046e+06
6.302302302302302121e-07,-1.092423442063144641e+06
6.304304304304303661e-07,2.733791204074407928e+06
6.306306306306306259e-07,-1.957837015546449926e+06
6.308308308308307799e-07,3.316499509889672976e+06
6.310310310310310398e-07,1.587918161618550366e+05
6.312312312312311938e-07,-2.710578476407975424e+06
6.314314314314314536e-07,-2.018926748109837761e+06
6.316316316316316076e-07,1.953336831822255161e+06
6.318318318318317616e-07,-1.940549197554825339e+06
6.320320320320320214e-07,-2.068423910872508306e+06
6.322322322322321754e-07,2.567648396592136472e+06
6.324324324324324353e-07,-1.697842134565760614e+06
6.326326326326325893e-07,-3.598116851820632350e+06
6.328328328328328491e-07,1.089912366584906355e+06
6.330330330330330031e-07,1.730498116146902787e+06
6.332332332332331571e-07,-8.766849292010616045e+05
6.334334334334334170e-07,1.109729341203088115e+05
6.336336336336335709e-07,-1.158180930642938707e+06
6.338338338338338308e-07,-2.962507104035190307e+06
6.340340340340339848e-07,-2.607406419676499441e+06
6.342342342342342446e-07,-6.477537786918549100e+05
6.344344344344343986e-07,-2.306210623890271876e+06
6.346346346346346585e-07,-5.198737793384549441e+05
6.348348348348348125e-07,-1.996112776285727741e+06
6.350350350350349664e-07,-3.592086895435359329e+05
6.352352352352352263e-07,1.249462895420008863e+04
6.354354354354353803e-07,-2.203906406585102901e+06
6.356356356356356402e-07,-1.260111117424786091e+06
6.358358358358357941e-07,-7.633500163186533609e+05
6.360360360360360540e-07,-1.031349725846343790e+04
6.362362362362362080e-07,1.684979228483805433e+06
6.364364364364363620e-07,-1.081904691148907878e+06
6.366366366366366218e-07,1.688958391168960370e+05
6.368368368368367758e-07,-3.164531310389022343e+06
6.370370370370370357e-07,5.235174386152924038e+06
6.372372372372371896e-07,-3.610795579125260701e+04
6.374374374374374495e-07,-1.177602555894212855e+05
6.376376376376376035e-07,2.236339441418364178e+06
6.378378378378377575e-07,1.226407953404245200e+06
6.380380380380380173e-07,2.755378309111170005e+06
6.382382382382381713e-07,-2.458717211233179551e+06
6.384384384384384312e-07,-1.677293557429325767e+06
6.386386386386385852e-07,-1.750466401546236593e+06
6.388388388388388450e-07,1.453792534376506228e+06
6.390390390390389990e-07,4.628623031466517597e+06
6.392392392392392589e-07,-3.725992747153309640e+06
6.394394394394394128e-07,-4.671147904409364564e+05
6.396396396396395668e-07,2.253073792760237120e+06
6.398398398398398267e-07,2.067778651218926534e+05
6.400400400400399807e-07,-7.917794450336436275e+05
6.402402402402402405e-07,-2.010856276073068148e+06
6.404404404404403945e-07,-3.941502853911666200e+06
6.406406406406406544e-07,2.898212071280474309e+06
6.408408408408408083e-07,-2.968205034682867583e+06
6.410410410410410682e-07,-9.361897495436614845e+05
6.412412412412412222e-07,-5.114041085756081156e+06
6.414414414414413762e-07,3.525872996303347871e+06
6.416416416416416360e-07,3.607458853253880050e+06
6.418418418418417900e-07,4.586691561155558564e+06
6.420420420420420499e-07,-2.126377621725413483e+05
6.422422422422422039e-07,-1.104092508964957204e+06
6.424424424424424637e-07,-6.310645905046125408e+05
6.426426426426426177e-07,1.147017227064205334e+06
6.428428428428427717e-07,-4.921200649489597417e+06
6.430430430430430315e-07,-5.826916521635439713e+05
6.432432432432431855e-07,5.053222920103045180e+05
6.434434434434434454e-07,2.421955577632234897e+06
6.436436436436435994e-07,2.903011702714026440e+06
6.438438438438438592e-07,-2.733743011886653490e+06
6.440440440440440132e-07,1.726795830860739574e+06
6.442442442442441672e-07,9.269956573042130331e+05
6.444444444444444270e-07,4.432027307433215901e+05
6.446446446446445810e-07,-3.482755461573206703e+05
6.448448448448448409e-07,1.591287580315228552e+06
6.450450450450449949e-07,-4.527607575647893827e+04
6.452452452452452547e-07,2.338295404347880278e+06
6.454454454454454087e-07,3.841487846653175540e+06
6.456456456456456686e-07,1.315931118465743959e+06
6.458458458458458226e-07,1.497422465765329544e+06
6.460460460460459765e-07,1.758759660337094101e+05
6.462462462462462364e-07,1.541790846059426200e+06
6.464464464464463904e-07,2.884136447644508444e+06
6.466466466466466502e-07,5.263026985991462134e+06
6.468468468468468042e-07,-8.629941550987761002e+04
6.470470470470470641e-07,2.316461473300545942e+06
6.472472472472472181e-07,2.126994627208874561e+06
6.474474474474473720e-07,-5.048570731505520642e+06
6.476476476476476319e-07,-2.362871104675141163e+06
6.478478478478477859e-07,1.475688684528155020e+06
6.480480480480480457e-07,-7.046533430297243176e+05
6.482482482482481997e-07,1.633705803360861959e+06
6.484484484484484596e-07,-1.818366795467394171e+06
6.486486486486486136e-07,4.854119078950129449e+06
6.488488488488487676e-07,7.348329147580219433e+05
6.490490490490490274e-07,1.224230197024370078e+06
6.492492492492491814e-07,-1.181275218152595218e+06
6.494494494494494413e-07,-1.604743276239883387e+06
6.496496496496495952e-07,8.370061552278440213e+05
6.498498498498498551e-07,4.485704821796074510e+06
6.500500500500500091e-07,9.143272501546520507e+05
6.502502502502502689e-07,1.122050574100711383e+06
6.504504504504504229e-07,3.965853541783255525e+06
6.506506506506505769e-07,-7.672096049226238392e+04
6.508508508508508368e-07,-2.204072453810168430e+06
6.510510510510509907e-07,-5.658061050313636661e+05
6.512512512512512506e-07,3.665518602848851122e+06
6.514514514514514046e-07,-3.071892469486566260e+05
6.516516516516516645e-07,5.954221897118409164e+06
6.518518518518518184e-07,-1.252922570384291233e+06
6.520520520520520783e-07,-1.985971424019124126e+06
6.522522522522522323e-07,5.602800093082997948e+06
6.524524524524523863e-07,-2.372246766441535205e+06
6.526526526526526461e-07,3.521498714654146228e+06
6.528528528528528001e-07,3.064976384817445651e+05
6.530530530530530600e-07,2.968116516580000520e+06
6.532532532532532139e-07,1.967610323888602434e+06
6.534534534534534738e-07,1.337286691644460429e+06
6.536536536536536278e-07,1.905288502512968145e+06
6.538538538538537818e-07,2.189863421409357339e+06
6.540540540540540416e-07,-5.178447099622562528e+05
6.542542542542541956e-07,1.628253953645156696e+06
6.544544544544544555e-07,4.202357347919565625e+06
6.546546546546546095e-07,2.499615155301201157e+06
6.548548548548548693e-07,6.483079701098101214e+05
6.550550550550550233e-07,2.452833736679935828e+06
6.552552552552551773e-07,-5.787498070080825128e+05
6.554554554554554371e-07,6.628552744079707190e+04
6.556556556556555911e-07,4.815142209174467251e+06
6.558558558558558510e-07,4.171567797006263398e+06
6.560560560560560050e-07,4.170974455442465842e+06
6.562562562562562648e-07,4.103896938062534668e+06
6.564564564564564188e-07,6.336351175368791446e+05
6.566566566566566787e-07,5.980541325261297170e+05
6.568568568568568326e-07,2.447968647207702510e+06
6.570570570570569866e-07,4.234126165370218456e+06
6.572572572572572465e-07,4.191279297748796176e+06
6.574574574574574005e-07,6.272209500660873950e+06
6.576576576576576603e-07,4.677001929012024775e+06
6.578578578578578143e-07,3.104223974510518368e+06
6.580580580580580742e-07,2.952549528452730738e+06
6.582582582582582282e-07,1.276784880973428022e+06
6.584584584584583821e-07,5.936213068916030228e+06
6.586586586586586420e-07,5.965889734470569529e+06
6.588588588588587960e-07,6.234845720315653831e+06
6.590590590590590558e-07,2.103809154305072501e+06
6.592592592592592098e-07,-1.249537019688803703e+06
6.594594594594594697e-07,-2.595754203689396381e+05
6.596596596596596237e-07,4.689029515234194696e+04
6.598598598598597776e-07,4.270876766877044924e+06
6.600600600600600375e-07,8.089577184988763183e+06
6.602602602602601915e-07,4.605649793010517955e+06
6.604604604604604513e-07,5.493246241668578237e+06
6.606606606606606053e-07,4.209796168946443126e+06
6.608608608608608652e-07,7.527171943927532062e+06
6.610610610610610192e-07,3.616936368555652443e+06
6.612612612612612790e-07,5.969682822244625539e+06
6.614614614614614330e-07,7.141949047976795584e+06
6.616616616616615870e-07,5.083232435988592915e+06
6.618618618618618469e-07,2.122234401088061277e+06
6.620620620620620008e-07,8.847256375369610265e+06
6.622622622622622607e-07,3.952294265853061341e+06
6.624624624624624147e-07,5.601306391342137009e+06
6.626626626626626745e-07,1.254169818118602969e+06
6.628628628628628285e-07,4.175786159927586094e+06
6.630630630630630884e-07,8.060008500425814651e+06
6.632632632632632424e-07,5.025860037629270926e+06
6.634634634634633963e-07,3.958194788407939486e+06
6.636636636636636562e-07,8.563612392236119136e+06
6.638638638638638102e-07,2.039151086844176985e+06
6.640640640640640700e-07,7.270203442298142239e+06
6.642642642642642240e-07,6.864536294873270206e+06
6.644644644644643780e-07,5.607680130582806654e+06
6.646646646646646379e-07,3.731352284876676742e+06
6.648648648648647919e-07,4.473710708030072972e+06
6.650650650650650517e-07,8.709199181460062042e+06
6.652652652652652057e-07,9.398356326205447316e+06
6.654654654654654656e-07,4.755597353817863390e+06
6.656656656656656195e-07,7.803305242941468954e+06
6.658658658658658794e-07,5.578249676383291371e+06
6.660660660660660334e-07,5.265374127964031883e+06
6.662662662662661874e-07,4.342387518342352472e+06
6.664664664664664472e-07,1.015644199296909943e+07
6.666666666666666012e-07,1.012593914409644343e+07
6.668668668668668611e-07,5.781973448289070278e+06
6.670670670670670150e-07,7.919842036861461587e+06
6.672672672672672749e-07,8.354632295576723292e+06
6.674674674674674289e-07,5.302483583362122998e+06
6.676676676676676888e-07,9.920652733614459634e+06
6.678678678678678427e-07,7.945471526580060832e+06
6.680680680680679967e-07,7.881991835589672439e+06
6.682682682682682566e-07,1.083695607732945494e+07
6.684684684684684106e-07,1.212735040735959448e+07
6.686686686686686704e-07,9.403708510915594175e+06
6.688688688688688244e-07,8.410389141366481781e+06
6.690690690690690843e-07,1.100729563099576533e+07
6.692692692692692382e-07,6.487352767511373386e+06
6.694694694694694981e-07,1.327077109083325602e+07
6.696696696696696521e-07,1.304681739749501273e+07
6.698698698698698061e-07,1.030071791875284910e+07
6.700700700700700659e-07,6.501523020216407254e+06
6.702702702702702199e-07,9.927722742275454104e+06
6.704704704704704798e-07,7.080607353408139199e+06
6.706706706706706338e-07,1.123224639776617661e+07
6.708708708708707877e-07,1.127800772759495303e+07
6.710710710710710476e-07,5.094333851534091868e+06
6.712712712712712016e-07,1.163950757628864609e+07
6.714714714714714614e-07,1.443377005583294109e+07
6.716716716716716154e-07,1.388821517976917885e+07
6.718718718718718753e-07,1.580047907280741073e+07
6.720720720720720293e-07,1.588949970405350998e+07
6.722722722722722891e-07,1.102823360688591376e+07
6.724724724724724431e-07,1.409209864698779210e+07
6.726726726726725971e-07,9.911734409204477444e+06
6.728728728728728569e-07,1.311462075881113671e+07
6.730730730730730109e-07,1.066768576651925221e+07
6.732732732732732708e-07,1.658271039432233758e+07
6.734734734734734248e-07,1.309829532497318462e+07
6.736736736736736846e-07,1.276175937291030213e+07
6.738738738738738386e-07,1.245182634100518562e+07
6.740740740740740985e-07,1.438638366313131154e+07
6.742742742742742525e-07,1.335509060441712663e+07
6.744744744744744064e-07,1.526304903760090098e+07
6.746746746746746663e-07,1.346902398460970260e+07
6.748748748748748203e-07,8.859855295604752377e+06
6.750750750750750801e-07,1.076580555415158905e+07
6.752752752752752341e-07,1.522451833519048616e+07
6.754754754754754940e-07,1.330509265153451078e+07
6.756756756756756480e-07,9.994879535949660465e+06
6.758758758758759078e-07,1.288697040147849359e+07
6.760760760760760618e-07,1.437493151459373347e+07
6.762762762762762158e-07,1.305799313307497092e+07
6.764764764764764756e-07,1.876350379098361731e+07
6.766766766766766296e-07,1.522405197571279109e+07
6.768768768768768895e-07,1.335730807747797482e+07
6.770770770770770435e-07,1.821680868442330137e+07
6.772772772772771975e-07,1.963491386888963729e+07
6.774774774774774573e-07,1.703459468527780846e+07
6.776776776776776113e-07,1.814714886827832088e+07
6.778778778778778712e-07,1.875804219399134442e+07
6.780780780780780251e-07,1.459467684766166471e+07
6.782782782782782850e-07,1.970539888012365997e+07
6.784784784784784390e-07,1.569792657531833835e+07
6.786786786786786988e-07,2.190336691315798461e+07
6.788788788788788528e-07,1.688214603326525912e+07
6.790790790790790068e-07,2.129813142649303377e+07
6.792792792792792667e-07,1.693352431747625396e+07
6.794794794794794206e-07,1.518341818432538211e+07
6.796796796796796805e-07,1.721718189468458667e+07
6.798798798798798345e-07,1.229818626733021438e+07
6.800800800800800943e-07,1.761229438836544752e+07
6.802802802802802483e-07,1.625398031577801891e+07
6.804804804804805082e-07,1.934297329355713353e+07
6.806806806806806622e-07,1.947391178581988066e+07
6.808808808808808162e-07,1.883290201923165098e+07
6.810810810810810760e-07,1.412905350105327368e+07
6.812812812812812300e-07,1.782205486613433808e+07
6.814814814814814899e-07,1.903909727564617246e+07
6.816816816816816438e-07,1.846316829011018947e+07
6.818818818818817978e-07,2.024068907022027671e+07
6.820820820820820577e-07,1.507538613516030833e+07
6.822822822822822117e-07,1.678813575898833945e+07
6.824824824824824715e-07,2.169525569852267578e+07
6.826826826826826255e-07,1.689500059940000996e+07
6.828828828828828854e-07,1.754361979888777435e+07
6.830830830830830393e-07,2.054645964345771819e+07
6.832832832832832992e-07,1.907884115847391635e+07
6.834834834834834532e-07,2.163438318248756602e+07
6.836836836836836072e-07,1.933532615318735316e+07
6.838838838838838670e-07,1.652370231416496821e+07
6.840840840840840210e-07,2.589754903397651389e+07
6.842842842842842809e-07,1.527414923679533601e+07
6.844844844844844349e-07,2.386685719875340909e+07
6.846846846846846947e-07,2.360799419076019153e+07
6.848848848848848487e-07,2.208002149827355146e+07
6.850850850850851086e-07,1.982843150490615144e+07
6.852852852852852625e-07,1.921509050134034455e+07
6.854854854854854165e-07,1.854578708411716297e+07
6.856856856856856764e-07,2.127054816046920046e+07
6.858858858858858304e-07,2.433566849977561086e+07
6.860860860860860902e-07,1.886563656528395414e+07
6.862862862862862442e-07,2.708987551787183434e+07
6.864864864864865041e-07,2.153176622661728039e+07
6.866866866866866581e-07,2.092694071175407246e+07
6.868868868868869179e-07,2.126071105098177120e+07
6.870870870870870719e-07,1.996541980572768301e+07
6.872872872872872259e-07,2.229738928691070154e+07
6.874874874874874857e-07,2.221891182684691250e+07
6.876876876876876397e-07,2.054353966008850187e+07
6.878878878878878996e-07,2.591039729483678192e+07
6.880880880880880536e-07,2.369356247615071759e+07
6.882882882882882075e-07,2.161904916064945608e+07
6.884884884884884674e-07,2.267158908814533427e+07
6.886886886886886214e-07,1.936812221270912886e+07
6.888888888888888812e-07,2.063417294960113242e+07
6.890890890890890352e-07,2.192007401865792647e+07
6.892892892892892951e-07,1.966204295619553700e+07
6.894894894894894491e-07,2.030503699204779789e+07
6.896896896896897089e-07,2.581923805459657684e+07
6.898898898898898629e-07,2.119250077059197798e+07
6.900900900900900169e-07,2.459748214490345865e+07
6.902902902902902768e-07,2.374136694590949267e+07
6.904904904904904307e-07,2.497210038591477647e+07
6.906906906906906906e-07,2.544172691667671502e+07
6.908908908908908446e-07,2.083000374971516430e+07
6.910910910910911044e-07,2.078728571418676898e+07
6.912912912912912584e-07,2.004146027860018983e+07
6.914914914914915183e-07,2.555521417043410987e+07
6.916916916916916723e-07,2.267841653917487338e+07
6.918918918918918262e-07,2.586062079183175415e+07
6.920920920920920861e-07,2.422767558562508598e+07
6.922922922922922401e-07,1.794538401406988502e+07
6.924924924924924999e-07,2.118913207270146534e+07
6.926926926926926539e-07,1.906097255952871591e+07
6.928928928928928079e-07,2.511958547174820676e+07
6.930930930930930678e-07,2.227526568086916953e+07
6.932932932932932218e-07,2.199017805310339853e+07
6.934934934934934816e-07,2.597320404609428719e+07
6.936936936936936356e-07,2.463097597156670317e+07
6.938938938938938955e-07,2.414067069509121031e+07
6.940940940940940494e-07,2.114755381751630828e+07
6.942942942942943093e-07,2.063440828648314998e+07
6.944944944944944633e-07,2.690095020617554709e+07
6.946946946946946173e-07,2.460338402709276974e+07
6.948948948948948771e-07,2.354552697048388049e+07
6.950950950950950311e-07,2.288670666964163631e+07
6.952952952952952910e-07,2.462049176564063877e+07
6.954954954954954449e-07,2.796353932676356658e+07
6.956956956956957048e-07,2.049802008522331342e+07
6.958958958958958588e-07,2.447418644559253752e+07
6.960960960960961186e-07,2.243471592118041590e+07
6.962962962962962726e-07,1.863284414051762223e+07
6.964964964964964266e-07,2.161446521754433960e+07
6.966966966966966865e-07,2.266357026085813716e+07
6.968968968968968405e-07,2.488467186998726428e+07
6.970970970970971003e-07,2.375316777973028272e+07
6.972972972972972543e-07,2.020940951525894925e+07
6.974974974974975142e-07,2.456150692285604402e+07
6.976976976976976681e-07,2.274571022228993103e+07
6.978978978978979280e-07,1.583140545445461199e+07
6.980980980980980820e-07,2.374069828953632340e+07
6.982982982982982360e-07,2.304417850369881839e+07
6.984984984984984958e-07,2.092054988995769620e+07
6.986986986986986498e-07,2.136168214402304590e+07
6.988988988988989097e-07,2.168064517073917389e+07
6.990990990990990636e-07,1.991971396397372335e+07
6.992992992992992176e-07,2.188534285630797222e+07
6.994994994994994775e-07,2.355483106676070392e+07
6.996996996996996315e-07,2.268341652276306972e+07
6.998998998998998913e-07,2.340146567014657333e+07
7.001001001001000453e-07,2.237077694650053978e+07
7.003003003003003052e-07,1.823953912554236501e+07
7.005005005005004592e-07,1.638768341404143721e+07
7.007007007007007190e-07,2.066146124469960853e+07
7.009009009009008730e-07,1.985569355354081839e+07
7.011011011011010270e-07,2.078628951853262633e+07
7.013013013013012868e-07,2.125152256530963629e+07
7.015015015015014408e-07,2.471464713812169060e+07
7.017017017017017007e-07,2.105904122062072158e+07
7.019019019019018547e-07,2.419327467155989259e+07
7.021021021021021145e-07,2.193332373211541027e+07
7.023023023023022685e-07,1.653449226182895526e+07
7.025025025025025284e-07,2.365887922154302150e+07
7.027027027027026824e-07,2.086951993089591339e+07
7.029029029029028363e-07,1.980522457743334398e+07
7.031031031031030962e-07,2.142872017793555185e+07
7.033033033033032502e-07,2.092220103455535322e+07
7.035035035035035100e-07,1.870181165846262500e+07
7.037037037037036640e-07,2.015093202745529264e+07
7.039039039039038180e-07,1.758098785448621213e+07
7.041041041041040779e-07,1.897355753102928773e+07
7.043043043043042318e-07,1.906839648065255582e+07
7.045045045045044917e-07,1.669956097592505626e+07
7.047047047047046457e-07,1.978402173653239384e+07
7.049049049049049055e-07,1.841538001098642126e+07
7.051051051051050595e-07,1.531580552095798776e+07
7.053053053053053194e-07,1.788461642535955459e+07
7.055055055055054734e-07,1.984553715046471357e+07
7.057057057057056273e-07,1.632106859156662039e+07
7.059059059059058872e-07,1.983308818339191005e+07
7.061061061061060412e-07,1.542143247445626557e+07
7.063063063063063011e-07,1.351217624773288704e+07
7.065065065065064550e-07,2.150158541985809803e+07
7.067067067067067149e-07,1.192220573664325662e+07
7.069069069069068689e-07,1.852773968420133367e+07
7.071071071071071287e-07,1.462123983538078144e+07
7.073073073073072827e-07,1.340698574829001352e+07
7.075075075075074367e-07,1.468597512790566310e+07
7.077077077077076966e-07,1.383532674196050689e+07
7.079079079079078505e-07,1.689894980555769056e+07
7.081081081081081104e-07,1.851005902634789050e+07
7.083083083083082644e-07,1.794629354066230357e+07
7.085085085085085242e-07,1.469433523863590509e+07
7.087087087087086782e-07,1.573594095873277262e+07
7.089089089089089381e-07,1.502358796537819505e+07
7.091091091091090921e-07,2.084235849165868759e+07
7.093093093093092461e-07,1.350986424415831827e+07
7.095095095095095059e-07,1.380097659927298315e+07
7.097097097097096599e-07,1.608475673385399021e+07
7.099099099099099198e-07,1.209531690298508108e+07
7.101101101101100737e-07,1.151555276447946019e+07
7.103103103103102277e-07,1.111272207120469026e+07
7.105105105105104876e-07,1.585706260436241142e+07
7.107107107107106416e-07,1.225318120875037462e+07
7.109109109109109014e-07,1.298509560664064996e+07
7.111111111111110554e-07,1.096992062835932150e+07
7.113113113113113153e-07,1.482711012854238600e+07
7.115115115115114692e-07,8.956645095874756575e+06
7.117117117117117291e-07,1.323188139070848376e+07
7.119119119119118831e-07,1.187002650956845097e+07
7.121121121121120371e-07,1.217349423853710294e+07
7.123123123123122969e-07,1.236984404651608504e+07
7.125125125125124509e-07,1.244635097154720128e+07
7.127127127127127108e-07,8.009874955913512036e+06
7.129129129129128648e-07,1.167574831471717171e+07
7.131131131131131246e-07,1.104690294748660922e+07
7.133133133133132786e-07,1.194155274833014235e+07
7.135135135135135385e-07,1.229248024832435511e+07
7.137137137137136924e-07,1.177748849382063374e+07
7.139139139139138464e-07,1.010373255004110001e+07
7.141141141141141063e-07,1.142329415591155551e+07
7.143143143143142603e-07,1.285563163576862589e+07
7.145145145145145201e-07,6.406788860423455015e+06
7.147147147147146741e-07,1.124404694303508662e+07
7.149149149149149340e-07,1.238604814613869227e+07
7.151151151151150879e-07,8.198100864792624488e+06
7.153153153153153478e-07,1.157693492911630496e+07
7.155155155155155018e-07,1.251782658454965241e+07
7.157157157157156558e-07,7.580198998510527425e+06
7.159159159159159156e-07,9.166225678717562929e+06
7.161161161161160696e-07,9.054471611475301906e+06
7.163163163163163295e-07,1.232893182331530564e+07
7.165165165165164835e-07,8.607408647406715900e+06
7.167167167167166374e-07,9.977912944958841428e+06
7.169169169169168973e-07,9.297906326077796519e+06
7.171171171171170513e-07,1.104929990155502036e+07
7.173173173173173111e-07,1.026048164815248735e+07
7.175175175175174651e-07,1.034266128582091816e+07
7.177177177177177250e-07,6.594517969052979723e+06
7.179179179179178790e-07,6.717139624052664265e+06
7.181181181181181388e-07,9.071051213333828375e+06
7.183183183183182928e-07,8.164947074483419769e+06
7.185185185185184468e-07,9.443518551744051278e+06
7.187187187187187067e-07,9.939498796725621447e+06
7.189189189189188606e-07,5.818346992901330814e+06
7.191191191191191205e-07,6.241419339192233980e+06
7.193193193193192745e-07,6.187960744286835194e+06
7.195195195195194285e-07,5.840742333380128257e+06
7.197197197197196883e-07,2.231392324520899914e+06
7.199199199199199482e-07,9.594090857423510402e+06
7.201201201201201022e-07,8.192032982574654743e+06
7.203203203203202561e-07,7.286180510107787326e+06
7.205205205205205160e-07,4.402882790703272447e+06
7.207207207207206700e-07,7.429578496741591021e+06
7.209209209209209298e-07,8.991002392148189247e+06
7.211211211211210838e-07,6.463667726876473054e+06
7.213213213213212378e-07,1.084243080281618051e+06
7.215215215215214977e-07,4.417543204988385551e+06
7.217217217217217575e-07,5.354372582879357040e+06
7.219219219219219115e-07,4.140606596201668959e+06
7.221221221221220655e-07,1.975342381141853984e+06
7.223223223223223254e-07,1.017405907838704064e+06
7.225225225225224793e-07,7.630524616665899754e+06
7.227227227227227392e-07,1.034269783902998641e+07
7.229229229229228932e-07,3.410853556865907740e+06
7.231231231231230472e-07,8.488446377915682271e+06
7.233233233233233070e-07,6.393794895847729407e+06
7.235235235235234610e-07,2.945317454845823348e+06
7.237237237237237209e-07,8.070571465765376575e+06
7.239239239239238748e-07,5.943784238449759781e+06
7.241241241241241347e-07,2.549316266196781304e+06
7.243243243243242887e-07,2.727299890693748370e+06
7.245245245245245485e-07,3.482175250461845193e+06
7.247247247247247025e-07,2.359555818381093442e+06
7.249249249249248565e-07,4.150221944902131334e+06
7.251251251251251164e-07,4.520553702622794546e+06
7.253253253253252704e-07,4.058021996759124100e+06
7.255255255255255302e-07,6.919649231798101217e+06
7.257257257257256842e-07,3.952389043494792189e+06
7.259259259259258382e-07,2.881414490871015005e+05
7.261261261261260980e-07,1.717927452365453122e+06
7.263263263263263579e-07,4.079543651183154434e+06
7.265265265265265119e-07,4.769437862736923620e+06
7.267267267267266659e-07,1.855474095806162339e+06
7.269269269269269257e-07,-2.946857032819796819e+06
7.271271271271270797e-07,2.332556313771990128e+06
7.273273273273273396e-07,6.378955573850985616e+06
7.275275275275274935e-07,8.273579637207589112e+05
7.277277277277276475e-07,4.750989882102724165e+06
7.279279279279279074e-07,1.878012166655436158e+05
7.281281281281281672e-07,3.382391727973737754e+06
7.283283283283283212e-07,-5.205689678295301273e+05
7.285285285285284752e-07,3.574284894000562839e+06
7.287287287287287351e-07,2.453222824344169348e+06
7.289289289289288891e-07,6.148238906655410305e+06
7.291291291291291489e-07,4.749192174129871652e+06
7.293293293293293029e-07,9.398536797976372764e+05
7.295295295295294569e-07,5.129182538876490667e+06
7.297297297297297167e-07,3.334313381425088737e+06
7.299299299299298707e-07,2.988079664399943314e+06
7.301301301301301306e-07,2.529232265357813332e+06
7.303303303303302846e-07,3.027268999559245072e+06
7.305305305305304385e-07,2.037692152137210593e+06
7.307307307307306984e-07,4.077493005984898657e+06
7.309309309309309583e-07,3.030769248597989790e+05
7.311311311311311122e-07,3.409939469504018314e+06
7.313313313313312662e-07,1.497587222107781563e+06
7.315315315315315261e-07,4.682439495556200854e+06
7.317317317317316801e-07,3.342580424587807152e+06
7.319319319319319399e-07,1.508118836807945278e+06
7.321321321321320939e-07,-3.163325440625925548e+05
7.323323323323322479e-07,2.109300006441658828e+06
7.325325325325325078e-07,-2.305710019264141098e+06
7.327327327327327676e-07,-2.028976160927651916e+06
7.329329329329329216e-07,3.310010121643641964e+06
7.331331331331330756e-07,2.075420360269306460e+06
7.333333333333333354e-07,3.175038359144970775e+06
7.335335335335334894e-07,1.383691035994583974e+06
7.337337337337337493e-07,-1.091802483736246126e+06
7.339339339339339033e-07,1.055659995339436457e+06
7.341341341341340572e-07,-6.680654590947390534e+04
7.343343343343343171e-07,2.610520344541693106e+06
7.345345345345344711e-07,9.130743739604649600e+05
7.347347347347347310e-07,-1.441527092403489165e+06
7.349349349349348849e-07,2.306582055558493361e+06
7.351351351351351448e-07,2.345384594622533768e+06
7.353353353353352988e-07,1.778629932365417015e+06
7.355355355355355586e-07,8.498598247798911761e+05
7.357357357357357126e-07,1.228685888663900550e+06
7.359359359359358666e-07,2.250548337746025994e+06
7.361361361361361265e-07,2.085736263484135736e+06
7.363363363363362804e-07,4.014417124057289679e+06
7.365365365365365403e-07,1.455704589609206188e+06
7.367367367367366943e-07,-2.668188793266358785e+06
7.369369369369368483e-07,-4.368474924888262525e+06
7.371371371371371081e-07,4.077256354853013181e+05
7.373373373373373680e-07,2.172344504963198211e+06
7.375375375375375220e-07,3.208948068883617409e+06
7.377377377377376759e-07,3.630092871671953704e+06
7.379379379379379358e-07,8.414737041141357040e+05
7.381381381381380898e-07,1.601828690692551667e+06
7.383383383383383497e-07,-2.235534618474717252e+06
7.385385385385385036e-07,-1.964626335186540382e+05
7.387387387387386576e-07,-2.943734002722533420e+06
7.389389389389389175e-07,2.755130264512837864e+06
7.391391391391391773e-07,3.543227497962112539e+05
7.393393393393393313e-07,-1.779018732314806432e+06
7.395395395395394853e-07,8.781932095079129795e+04
7.397397397397397452e-07,-3.723132942422231659e+06
7.399399399399398991e-07,4.239401865211423486e+06
7.401401401401401590e-07,4.924175398703179089e+05
7.403403403403403130e-07,2.185465759944339748e+06
7.405405405405404670e-07,-4.916060619673985639e+05
7.407407407407407268e-07,-5.421017276102972683e+05
7.409409409409408808e-07,1.473189291136765387e+06
7.411411411411411407e-07,-3.026001894228951423e+05
7.413413413413412947e-07,3.578245328939257888e+04
7.415415415415414486e-07,-1.052825073504006490e+06
7.417417417417417085e-07,-2.659188328901617788e+06
7.419419419419419684e-07,2.980552639622979797e+06
7.421421421421421223e-07,-1.680706540904066991e+06
7.423423423423422763e-07,-4.608618155356671195e+05
7.425425425425425362e-07,4.577943635154764168e+06
7.427427427427426902e-07,-5.476187984592051245e+06
7.429429429429429500e-07,-7.646790545206982642e+05
7.431431431431431040e-07,2.089819301552531775e+06
7.433433433433432580e-07,-3.130850716748435050e+06
7.435435435435435178e-07,-3.012262257140775910e+04
7.437437437437437777e-07,6.789558138918094337e+05
7.439439439439439317e-07,-3.947524673396483995e+06
7.441441441441440857e-07,8.241651128646184225e+05
7.443443443443443455e-07,2.604377856585368980e+06
7.445445445445444995e-07,2.293040401285263244e+06
7.447447447447447594e-07,-2.896515470655238023e+05
7.449449449449449134e-07,1.420447952871276299e+06
7.451451451451450673e-07,4.228259973397059366e+06
7.453453453453453272e-07,-7.197115254827849567e+05
7.455455455455454812e-07,3.505928710633456241e+06
7.457457457457457410e-07,6.000221730349609628e+06
7.459459459459458950e-07,-1.265394137869909173e+04
7.461461461461461549e-07,-3.918249107084739953e+05
7.463463463463463089e-07,2.846675149261879851e+05
7.465465465465465687e-07,-5.462517552900349721e+06
7.467467467467467227e-07,9.083541865718745394e+05
7.469469469469468767e-07,-2.430297704697170760e+06
7.471471471471471365e-07,-6.293911792712166207e+05
7.473473473473472905e-07,1.833862596306810388e+06
7.475475475475475504e-07,1.065577529421287356e+06
7.477477477477477044e-07,-7.993112012549497886e+05
7.479479479479478584e-07,1.778111794652632670e+06
7.481481481481481182e-07,1.443825870087866206e+06
7.483483483483483781e-07,-6.950352833623787155e+05
7.485485485485485321e-07,-1.453400821938116336e+06
7.487487487487486860e-07,3.010296309351901291e+05
7.489489489489489459e-07,1.003324653598540463e+06
7.491491491491490999e-07,-9.042815815481574973e+05
7.493493493493493597e-07,6.712651904442273080e+05
7.495495495495495137e-07,-2.587946574277665466e+06
7.497497497497496677e-07,-1.695155548439544626e+06
7.499499499499499276e-07,2.879335324880743399e+06
7.501501501501501874e-07,-3.963444593039538711e+06
7.503503503503503414e-07,7.768861578432356473e+05
7.505505505505504954e-07,5.314867954516706057e+06
7.507507507507507553e-07,-3.683197050777629483e+06
7.509509509509509092e-07,2.642487391685192939e+06
7.511511511511511691e-07,-2.506338965890750755e+06
7.513513513513513231e-07,2.534342074437206145e+06
7.515515515515514771e-07,3.572009608607877512e+06
7.517517517517517369e-07,2.113822146636452992e+06
7.519519519519518909e-07,8.651965903264320223e+05
7.521521521521521508e-07,1.222889595900853747e+05
7.523523523523523047e-07,-4.207323647625857848e+05
7.525525525525525646e-07,-8.767010760253487388e+05
7.527527527527527186e-07,-2.624731867930041160e+06
7.529529529529529784e-07,6.707067280578919454e+05
7.531531531531531324e-07,-3.121626615271334071e+06
7.533533533533532864e-07,5.191457476024324424e+05
7.535535535535535463e-07,-2.736938163515441585e+06
7.537537537537537002e-07,-2.200010071833998896e+06
7.539539539539539601e-07,-1.557083380062427372e+06
7.541541541541541141e-07,1.077971528776300605e+06
7.543543543543542681e-07,3.023434729475066997e+06
7.545545545545545279e-07,-7.292409873027934227e+05
7.547547547547547878e-07,9.344051112900031731e+05
7.549549549549549418e-07,-7.087902255509028910e+05
7.551551551551550958e-07,-8.573069881614001933e+05
7.553553553553553556e-07,3.572412482816876145e+05
7.555555555555555096e-07,-1.008443678544577328e+06
7.557557557557557695e-07,-2.183133026291291695e+06
7.559559559559559234e-07,-2.013898879310520831e+06
7.561561561561560774e-07,-1.076844996112640249e+06
7.563563563563563373e-07,1.768705268247830216e+06
7.565565565565564913e-07,-1.223598041218467755e+06
7.567567567567567511e-07,-9.968691135212491499e+05
7.569569569569569051e-07,-3.008835569892948261e+05
7.571571571571571650e-07,1.939234703163740924e+06
7.573573573573573190e-07,-2.409490567927960772e+06
7.575575575575575788e-07,-1.745948838668802055e+06
7.577577577577577328e-07,2.725962866307727527e+06
7.579579579579578868e-07,-1.178279450979507761e+06
7.581581581581581466e-07,-2.839087978717099875e+06
7.583583583583583006e-07,5.815083135619927198e+05
7.585585585585585605e-07,-2.313265662914738525e+06
7.587587587587587145e-07,-1.158865726658272091e+06
7.589589589589588684e-07,2.035368496776893036e+06
7.591591591591591283e-07,1.592569204434324987e+06
7.593593593593593882e-07,5.693403566939064302e+06
7.595595595595595421e-07,-3.262113900442039594e+05
7.597597597597596961e-07,2.171028339110346045e+06
7.599599599599599560e-07,2.958957389228699263e+06
7.601601601601601100e-07,-1.907046626111033547e+05
7.603603603603603698e-07,1.842036175251647132e+06
7.605605605605605238e-07,2.670131916012308095e+06
7.607607607607606778e-07,1.222481671210915083e+06
7.609609609609609377e-07,-1.905642479535368504e+06
7.611611611611611975e-07,3.048517377268958837e+06
7.613613613613613515e-07,1.835785659525735537e+06
7.615615615615615055e-07,4.655943067001737654e+06
7.617617617617617653e-07,4.820432827591132955e+05
7.619619619619619193e-07,-3.296059877592413104e+05
7.621621621621621792e-07,-7.388895875129302731e+05
7.623623623623623332e-07,9.157342386171862017e+05
7.625625625625624871e-07,-2.196932296693686396e+06
7.627627627627627470e-07,3.668612202167334501e+06
7.629629629629629010e-07,1.452907860577669693e+06
7.631631631631631608e-07,-6.017617979194184300e+05
7.633633633633633148e-07,-1.110375318866995629e+06
7.635635635635635747e-07,-4.395311085883639753e+06
7.637637637637637287e-07,-6.356474381363683380e+06
7.639639639639639885e-07,2.530461192404905334e+06
7.641641641641641425e-07,-3.458849392917564837e+05
7.643643643643642965e-07,-3.181117484162521549e+06
7.645645645645645564e-07,-1.489541132205732865e+05
7.647647647647647103e-07,2.024291312025367515e+06
7.649649649649649702e-07,-4.509284624464530498e+05
7.651651651651651242e-07,2.903000232568941545e+06
7.653653653653652782e-07,-1.469445314937323797e+06
7.655655655655655380e-07,1.917194527495663846e+06
7.657657657657657979e-07,2.448480518030500505e+06
7.659659659659659519e-07,2.564673154422060587e+06
7.661661661661661058e-07,-1.826107416745445691e+06
7.663663663663663657e-07,-1.281154110353024444e+06
7.665665665665665197e-07,3.199411676453397376e+05
7.667667667667667796e-07,-6.292844731404680060e+05
7.669669669669669335e-07,4.047611588911338185e+04
7.671671671671670875e-07,6.577561156781323953e+05
7.673673673673673474e-07,-2.583827907015320670e+05
7.675675675675675014e-07,-2.386597358164130710e+06
7.677677677677677612e-07,4.809128754415545613e+06
7.679679679679679152e-07,-2.342682748081977945e+06
7.681681681681681751e-07,3.775734900919083739e+05
7.683683683683683290e-07,-8.442387603443324333e+05
7.685685685685685889e-07,4.873793738223239197e+05
7.687687687687687429e-07,4.735629081720563117e+05
7.689689689689688969e-07,1.855294290589434968e+05
7.691691691691691567e-07,1.226311581678017974e+06
7.693693693693693107e-07,4.550792646255238913e+06
7.695695695695695706e-07,-3.652614657686681952e+06
7.697697697697697245e-07,-2.882114337552625802e+05
7.699699699699698785e-07,1.703268685407805722e+06
7.701701701701701384e-07,3.748910223845237633e+05
7.703703703703703983e-07,6.577430013932326110e+05
7.705705705705705522e-07,7.269932145569914719e+05
7.707707707707707062e-07,-6.531910575560708530e+05
7.709709709709709661e-07,4.108625533905339893e+06
7.711711711711711201e-07,-1.665993964930100832e+06
7.713713713713713799e-07,1.684156248083821731e+06
7.715715715715715339e-07,-1.691709478896421846e+06
7.717717717717716879e-07,-4.097697018250579276e+04
7.719719719719719477e-07,-6.994589997720484389e+05
7.721721721721722076e-07,-1.139856911469805782e+05
7.723723723723723616e-07,-2.991814277936729603e+06
7.725725725725725156e-07,-2.842633085601634593e+04
7.727727727727727754e-07,2.980082898617524654e+06
7.729729729729729294e-07,2.068250000506843440e+06
7.731731731731731893e-07,-7.387444928652308881e+05
7.733733733733733433e-07,-1.719974272066360863e+05
7.735735735735734972e-07,-1.077028668967102887e+06
7.737737737737737571e-07,-1.340070344918147661e+06
7.739739739739739111e-07,-7.513274743164048996e+05
7.741741741741741709e-07,-4.673874655072333291e+06
7.743743743743743249e-07,-1.017683944284304627e+06
7.745745745745745848e-07,-4.660769715667758137e+05
7.747747747747747388e-07,-1.320386882528964896e+06
7.749749749749749986e-07,-3.449306753239420243e+06
7.751751751751751526e-07,2.780371823184762150e+06
7.753753753753753066e-07,2.286776380934175104e+05
7.755755755755755664e-07,7.907025518713667989e+05
7.757757757757757204e-07,-1.482550958814368816e+06
7.759759759759759803e-07,-2.314503150088171009e+06
7.761761761761761343e-07,-7.707620052566124359e+05
7.763763763763762883e-07,-4.048017355427218601e+06
7.765765765765765481e-07,-2.165950962738698581e+04
7.767767767767768080e-07,-2.266116946054738015e+06
7.769769769769769620e-07,-2.891215101529538631e+06
7.771771771771771159e-07,4.049165886183222756e+06
7.773773773773773758e-07,1.358467451639454113e+06
7.775775775775775298e-07,-6.325220966509855352e+05
7.777777777777777896e-07,9.333938188379616477e+05
7.779779779779779436e-07,1.454704841829322977e+06
7.781781781781780976e-07,-6.042622714498880086e+05
7.783783783783783575e-07,1.967309029654935468e+06
7.785785785785786173e-07,2.126212970782120712e+06
7.787787787787787713e-07,2.852390563824607525e+06
7.789789789789789253e-07,-1.380646698490085546e+06
7.791791791791791851e-07,-4.373424911605896428e+06
7.793793793793793391e-07,-3.719213554900375311e+04
7.795795795795795990e-07,-1.572831648276668508e+06
7.797797797797797530e-07,-1.099151755403476302e+06
7.799799799799799070e-07,-1.421490004326643422e+06
7.801801801801801668e-07,-2.077728352853832068e+06
7.803803803803803208e-07,5.121612392095389776e+06
7.805805805805805807e-07,-1.419314455662142253e+06
7.807807807807807346e-07,-2.912013566767157987e+06
7.809809809809808886e-07,-4.120900676595475525e+06
7.811811811811811485e-07,-1.048468445225176634e+06
7.813813813813814083e-07,9.476067684541754425e+05
7.815815815815815623e-07,-8.407134755935578141e+04
7.817817817817817163e-07,-3.586527901845835149e+06
7.819819819819819762e-07,2.909217598472044338e+06
7.821821821821821301e-07,-1.017954961830139975e+06
7.823823823823823900e-07,-1.174787856940572092e+05
7.825825825825825440e-07,-5.291463421789850108e+06
7.827827827827826980e-07,9.734493413632898591e+05
7.829829829829829578e-07,-3.842329976437289733e+05
7.831831831831832177e-07,-3.815369514262889978e+06
7.833833833833833717e-07,3.381316662006687373e+06
7.835835835835835257e-07,-3.074634926758979447e+06
7.837837837837837855e-07,4.382100078642254230e+05
7.839839839839839395e-07,-2.814749753406730946e+06
7.841841841841841994e-07,6.269159187785529066e+05
7.843843843843843533e-07,-1.394642129075999605e+06
7.845845845845845073e-07,-4.858790071962255985e+06
7.847847847847847672e-07,-5.561316116105903639e+05
7.849849849849849212e-07,3.000278146575284190e+05
7.851851851851851810e-07,1.371113586210123962e+06
7.853853853853853350e-07,1.414814757034327835e+06
7.855855855855855949e-07,-9.137620601724903099e+05
7.857857857857857488e-07,-1.563720524411974242e+06
7.859859859859860087e-07,-6.218086625605047448e+05
7.861861861861861627e-07,1.765471627095289528e+06
7.863863863863863167e-07,2.567672189917386509e+06
7.865865865865865765e-07,4.883051920853377669e+05
7.867867867867867305e-07,9.314113240171749203e+04
7.869869869869869904e-07,-1.894480823051968357e+06
7.871871871871871444e-07,-2.787305678600773215e+06
7.873873873873872983e-07,-1.114415849067205563e+06
7.875875875875875582e-07,7.023432161638860125e+05
7.877877877877878181e-07,-9.140769576612977544e+05
7.879879879879879720e-07,-1.314264589345832122e+06
7.881881881881881260e-07,2.405351413607307710e+06
7.883883883883883859e-07,4.147411385734236101e+05
7.885885885885885399e-07,-7.798869953271688428e+05
7.887887887887887997e-07,1.733317193449605023e+06
7.889889889889889537e-07,-2.773684179436276667e+06
7.891891891891891077e-07,1.089587602184414631e+06
7.893893893893893676e-07,-1.423694033972055418e+06
7.895895895895896274e-07,3.104022709573225118e+06
7.897897897897897814e-07,5.665345212213748600e+05
7.899899899899899354e-07,-1.419308232980623608e+06
7.901901901901901952e-07,2.513865617723046802e+06
7.903903903903903492e-07,-1.753208265873974655e+06
7.905905905905906091e-07,4.703753065261419979e+05
7.907907907907907631e-07,2.089409305145769613e+06
7.909909909909909170e-07,7.087366277041123249e+05
7.911911911911911769e-07,-9.209113165477482835e+05
7.913913913913913309e-07,-1.907284636504583061e+06
7.915915915915915907e-07,3.392427684138907935e+05
7.917917917917917447e-07,7.634617117376306560e+05
7.919919919919920046e-07,-1.986144951763084391e+06
7.921921921921921586e-07,1.030067596066706174e+05
7.923923923923924184e-07,-1.076092529179718811e+06
7.925925925925925724e-07,-2.400540031999616884e+06
7.927927927927927264e-07,-2.196160264702728949e+06
7.929929929929929863e-07,-4.049220826386160217e+06
7.931931931931931402e-07,-1.340828374090670375e+06
7.933933933933934001e-07,2.484198555077173514e+05
7.935935935935935541e-07,3.032237174834622536e+06
7.937937937937937081e-07,-2.384631371808242518e+06
7.939939939939939679e-07,1.753924695397496223e+06
7.941941941941942278e-07,1.566185280915874988e+06
7.943943943943943818e-07,-2.276749629266706761e+06
7.945945945945945357e-07,-2.929786624995443504e+06
7.947947947947947956e-07,-7.274401306576293427e+05
7.949949949949949496e-07,-9.894237764105841052e+05
7.951951951951952094e-07,1.553413982862601988e+06
7.953953953953953634e-07,-8.345636466733607231e+05
7.955955955955955174e-07,1.393979693831688259e+06
7.957957957957957773e-07,7.293643679270856082e+05
7.959959959959959313e-07,-2.451099601656279061e+06
7.961961961961961911e-07,-1.257805387258780189e+06
7.963963963963963451e-07,-9.995191433157064021e+05
7.965965965965966050e-07,-2.034262262006897436e+04
7.967967967967967589e-07,-3.020127941132130567e+06
7.969969969969970188e-07,1.392199828747256659e+06
7.971971971971971728e-07,-4.115291023903475609e+06
7.973973973973973268e-07,-2.187738666330760345e+06
7.975975975975975866e-07,3.242437996128101368e+06
7.977977977977977406e-07,-5.404054244646637235e+05
7.979979979979980005e-07,-1.166697087423724588e+06
7.981981981981981544e-07,6.857840529674906284e+05
7.983983983983983084e-07,-2.509588980948589742e+06
7.985985985985985683e-07,4.408029007041448727e+06
7.987987987987988282e-07,-2.718797238328145351e+06
7.989989989989989821e-07,2.493178653309538495e+05
7.991991991991991361e-07,2.615175616697933292e+05
7.993993993993993960e-07,2.498719497063850984e+06
7.995995995995995500e-07,1.188075230681863381e+06
7.997997997997998098e-07,-9.962708350452367449e+05
7.999999999999999638e-07,2.708209608278795495e+05
